iteration,test_split,batch,epoch,layer,dropout,activation,initializer,rmse,accuracy,f_score,time_train,lag
0,0.2,32,50,1,0,selu,zero,,0.6117896852410126,0.23572594127662025,461.8716993331909,13
1,0.2,32,50,1,0,selu,uniform,,0.6720477162955039,0.35099619486839506,464.76963543891907,13
2,0.2,32,50,1,0,selu,normal,,0.5827903659762068,0.02447631205226281,500.65551018714905,13
3,0.2,32,50,1,0.2,selu,zero,,0.6117896852410126,0.23572594127662025,525.461079120636,13
4,0.2,32,50,1,0.2,selu,uniform,,0.6019384745048463,0.08924288340898613,524.0433175563812,13
5,0.2,32,50,1,0.2,selu,normal,,0.5859087814840027,0.03999642069015136,510.3546898365021,13
6,0.2,32,50,1,0.4,selu,zero,,0.6117896852410126,0.23572594127662025,531.529331445694,13
7,0.2,32,50,1,0.4,selu,uniform,,0.587455022853253,0.04233285862151034,514.7702441215515,13
8,0.2,32,50,1,0.4,selu,normal,,0.5803332360854485,0.0,452.7722442150116,13
9,0.2,32,50,2,0,selu,zero,,0.6117896852410126,0.23572594127662025,510.39310669898987,13
10,0.2,32,50,2,0,selu,uniform,,0.5803332360854485,0.0,509.7686004638672,13
11,0.2,32,50,2,0,selu,normal,,0.5803332360854485,0.0,531.3907885551453,13
12,0.2,32,50,2,0.2,selu,zero,,0.6117896852410126,0.23572594127662025,566.8978650569916,13
13,0.2,32,50,2,0.2,selu,uniform,,0.5803332360854485,0.0,573.1615374088287,13
14,0.2,32,50,2,0.2,selu,normal,,0.5803332360854485,0.0,565.9919013977051,13
15,0.2,32,50,2,0.4,selu,zero,,0.6117896852410126,0.23572594127662025,631.739316701889,13
16,0.2,32,50,2,0.4,selu,uniform,,0.5803332360854485,0.0,610.7690324783325,13
17,0.2,32,50,2,0.4,selu,normal,,0.5803332360854485,0.0,615.3025050163269,13
18,0.2,32,50,3,0,selu,zero,,0.6117896852410126,0.23572594127662025,638.2488844394684,13
19,0.2,32,50,3,0,selu,uniform,,0.5803332360854485,0.0,643.5410008430481,13
20,0.2,32,50,3,0,selu,normal,,0.5803332360854485,0.0,559.0466201305389,13
21,0.2,32,50,3,0.2,selu,zero,,0.6117896852410126,0.23572594127662025,636.9306945800781,13
22,0.2,32,50,3,0.2,selu,uniform,,0.5803332360854485,0.0,650.0806143283844,13
23,0.2,32,50,3,0.2,selu,normal,,0.5803332360854485,0.0,649.2795987129211,13
24,0.2,32,50,3,0.4,selu,zero,,0.6117896852410126,0.23572594127662025,670.4557843208313,13
25,0.2,32,50,3,0.4,selu,uniform,,0.5803332360854485,0.0,658.8253917694092,13
26,0.2,32,50,3,0.4,selu,normal,,0.5803332360854485,0.0,715.4884974956512,13
27,0.2,32,50,1,0,tanh,zero,,0.6117896852410126,0.23572594127662025,480.0421419143677,13
28,0.2,32,50,1,0,tanh,uniform,,0.8152322603650035,0.753955019109517,473.5728266239166,13
29,0.2,32,50,1,0,tanh,normal,,0.8064183604006614,0.7413575504253105,472.8306133747101,13
30,0.2,32,50,1,0.2,tanh,zero,,0.6117896852410126,0.23572594127662025,526.7295322418213,13
31,0.2,32,50,1,0.2,tanh,uniform,,0.846682226328244,0.7969870337101685,542.9229974746704,13
32,0.2,32,50,1,0.2,tanh,normal,,0.8433401406852735,0.7917843146760619,477.05724000930786,13
33,0.2,32,50,1,0.4,tanh,zero,,0.6117896852410126,0.23572594127662025,485.57450222969055,13
34,0.2,32,50,1,0.4,tanh,uniform,,0.8529385069208077,0.804844611389505,575.2225477695465,13
35,0.2,32,50,1,0.4,tanh,normal,,0.8509384420888847,0.8026598501997297,578.5475556850433,13
36,0.2,32,50,2,0,tanh,zero,,0.6117896852410126,0.23572594127662025,604.9065570831299,13
37,0.2,32,50,2,0,tanh,uniform,,0.8169211319653797,0.7558057903441495,658.4043881893158,13
38,0.2,32,50,2,0,tanh,normal,,0.8065220914778438,0.741115955905553,632.5751664638519,13
39,0.2,32,50,2,0.2,tanh,zero,,0.6117896852410126,0.23572594127662025,691.4615812301636,13
40,0.2,32,50,2,0.2,tanh,uniform,,0.8425167752601379,0.7917537070308621,602.5337340831757,13
41,0.2,32,50,2,0.2,tanh,normal,,0.8407209309864175,0.7886038739208204,531.1751046180725,13
42,0.2,32,50,2,0.4,tanh,zero,,0.6117896852410126,0.23572594127662025,628.8417873382568,13
43,0.2,32,50,2,0.4,tanh,uniform,,0.8540763071736526,0.8069574760811734,610.3929092884064,13
44,0.2,32,50,2,0.4,tanh,normal,,0.8501572174138545,0.8013568517100621,652.6610336303711,13
45,0.2,32,50,3,0,tanh,zero,,0.6117896852410126,0.23572594127662025,707.7487897872925,13
46,0.2,32,50,3,0,tanh,uniform,,0.8123764141463256,0.7497657700747756,734.5591788291931,13
47,0.2,32,50,3,0,tanh,normal,,0.8051865538591202,0.7402580320769185,751.1528971195221,13
48,0.2,32,50,3,0.2,tanh,zero,,0.6117896852410126,0.23572594127662025,611.7377252578735,13
49,0.2,32,50,3,0.2,tanh,uniform,,0.8379039839216832,0.7845312361165903,634.5205068588257,13
50,0.2,32,50,3,0.2,tanh,normal,,0.8341015916237154,0.7801447419961781,751.7875707149506,13
51,0.2,32,50,3,0.4,tanh,zero,,0.6117896852410126,0.23572594127662025,719.3636677265167,13
52,0.2,32,50,3,0.4,tanh,uniform,,0.8462348860578951,0.7965683165272196,789.3109567165375,13
53,0.2,32,50,3,0.4,tanh,normal,,0.8400726117540277,0.7869451143653412,799.17604804039,13
54,0.2,32,50,1,0,sigmoid,zero,,0.6363318097831373,0.276286320867002,589.0751166343689,13
55,0.2,32,50,1,0,sigmoid,uniform,,0.8590424324937601,0.8152104953597513,427.66726303100586,13
56,0.2,32,50,1,0,sigmoid,normal,,0.8580926448183087,0.8140214685098778,435.9019615650177,13
57,0.2,32,50,1,0.2,sigmoid,zero,,0.8760608123439982,0.8378507236587814,542.1057860851288,13
58,0.2,32,50,1,0.2,sigmoid,uniform,,0.8763622807870596,0.8381109443391486,576.6108248233795,13
59,0.2,32,50,1,0.2,sigmoid,normal,,0.877117572692794,0.8392457538286425,560.7460713386536,13
60,0.2,32,50,1,0.4,sigmoid,zero,,0.881276540568576,0.8444965838633616,613.5813887119293,13
61,0.2,32,50,1,0.4,sigmoid,uniform,,0.881675256896496,0.8451171738750126,619.2460007667542,13
62,0.2,32,50,1,0.4,sigmoid,normal,,0.8828195403416643,0.8463953855929415,579.3623144626617,13
63,0.2,32,50,2,0,sigmoid,zero,,0.6436837498784401,0.30115731394590245,492.9632065296173,13
64,0.2,32,50,2,0,sigmoid,uniform,,0.850588349703394,0.8040408368280454,539.4374163150787,13
65,0.2,32,50,2,0,sigmoid,normal,,0.8498914065285746,0.8035833983440702,582.3666348457336,13
66,0.2,32,50,2,0.2,sigmoid,zero,,0.8752374469188628,0.8363641322574257,597.976588010788,13
67,0.2,32,50,2,0.2,sigmoid,uniform,,0.8729715712016597,0.8333054824117395,723.8622765541077,13
68,0.2,32,50,2,0.2,sigmoid,normal,,0.8730007455671173,0.8330556896761286,695.0270869731903,13
69,0.2,32,50,2,0.4,sigmoid,zero,,0.8793186164867581,0.8416618723760035,641.7536110877991,13
70,0.2,32,50,2,0.4,sigmoid,uniform,,0.8796362929106291,0.8418583548514699,537.5532608032227,13
71,0.2,32,50,2,0.4,sigmoid,normal,,0.8797659567571071,0.8419576698013425,616.6750016212463,13
72,0.2,32,50,3,0,sigmoid,zero,,0.6320950435994683,0.28261103202280985,655.2693717479706,13
73,0.2,32,50,3,0,sigmoid,uniform,,0.8358390871665209,0.7839535433730982,715.4671347141266,13
74,0.2,32,50,3,0,sigmoid,normal,,0.8383513241920321,0.787301270407586,690.0108134746552,13
75,0.2,32,50,3,0.2,sigmoid,zero,,0.8671593892832831,0.8262371669568622,799.3332033157349,13
76,0.2,32,50,3,0.2,sigmoid,uniform,,0.8630069045998251,0.8204091839077812,610.4350731372833,13
77,0.2,32,50,3,0.2,sigmoid,normal,,0.8641220136795358,0.8220046024920405,600.3877000808716,13
78,0.2,32,50,3,0.4,sigmoid,zero,,0.8618885539239524,0.8158557458057338,606.9781224727631,13
79,0.2,32,50,3,0.4,sigmoid,uniform,,0.865211189989951,0.8229033837307986,605.0211234092712,13
80,0.2,32,50,3,0.4,sigmoid,normal,,0.8673149858990568,0.826698099738725,614.5992031097412,13
81,0.2,64,50,1,0,selu,zero,,0.6117507860870692,0.23566009611647457,304.17802834510803,13
82,0.2,64,50,1,0,selu,uniform,,0.5832150150734222,0.038244153998611634,296.16910433769226,13
83,0.2,64,50,1,0,selu,normal,,0.584463029595773,0.041290188519991014,302.6910207271576,13
84,0.2,64,50,1,0.2,selu,zero,,0.6117507860870692,0.23566009611647457,300.77158522605896,13
85,0.2,64,50,1,0.2,selu,uniform,,0.5811209439528024,0.010778718904655333,310.4324505329132,13
86,0.2,64,50,1,0.2,selu,normal,,0.5837207040746865,0.03189790171611749,321.5843231678009,13
87,0.2,64,50,1,0.4,selu,zero,,0.6117507860870692,0.23566009611647457,319.12434935569763,13
88,0.2,64,50,1,0.4,selu,uniform,,0.5853155693863659,0.04433593556683219,314.4004008769989,13
89,0.2,64,50,1,0.4,selu,normal,,0.6000842815002108,0.08704880809586676,308.14097118377686,13
90,0.2,64,50,2,0,selu,zero,,0.6117507860870692,0.23566009611647457,341.7545838356018,13
91,0.2,64,50,2,0,selu,uniform,,0.5808648578560084,0.004589630146769697,345.42701745033264,13
92,0.2,64,50,2,0,selu,normal,,0.5808065091250932,0.004519408339173735,346.4285249710083,13
93,0.2,64,50,2,0.2,selu,zero,,0.6117507860870692,0.23566009611647457,378.1780250072479,13
94,0.2,64,50,2,0.2,selu,uniform,,0.5803332360854485,0.0,414.4587821960449,13
95,0.2,64,50,2,0.2,selu,normal,,0.5803332360854485,0.0,428.8599281311035,13
96,0.2,64,50,2,0.4,selu,zero,,0.6117507860870692,0.23566009611647457,413.0011534690857,13
97,0.2,64,50,2,0.4,selu,uniform,,0.5803332360854485,0.0,404.24214601516724,13
98,0.2,64,50,2,0.4,selu,normal,,0.5803332360854485,0.0,414.8998312950134,13
99,0.2,64,50,3,0,selu,zero,,0.6117507860870692,0.23566009611647457,417.2036643028259,13
100,0.2,64,50,3,0,selu,uniform,,0.5803332360854485,0.0,438.10901641845703,13
101,0.2,64,50,3,0,selu,normal,,0.5803332360854485,0.0,420.9052243232727,13
102,0.2,64,50,3,0.2,selu,zero,,0.6117507860870692,0.23566009611647457,460.0078616142273,13
103,0.2,64,50,3,0.2,selu,uniform,,0.5803332360854485,0.0,482.22476625442505,13
104,0.2,64,50,3,0.2,selu,normal,,0.5803332360854485,0.0,454.76736664772034,13
105,0.2,64,50,3,0.4,selu,zero,,0.6117507860870692,0.23566009611647457,474.2645115852356,13
106,0.2,64,50,3,0.4,selu,uniform,,0.5803332360854485,0.0,475.2799553871155,13
107,0.2,64,50,3,0.4,selu,normal,,0.5803332360854485,0.0,396.24342107772827,13
108,0.2,64,50,1,0,tanh,zero,,0.6117507860870692,0.23566009611647457,282.72774934768677,13
109,0.2,64,50,1,0,tanh,uniform,,0.7967681286265356,0.7277082476299792,272.6673548221588,13
110,0.2,64,50,1,0,tanh,normal,,0.7900223670135175,0.7164998282647506,281.79427766799927,13
111,0.2,64,50,1,0.2,tanh,zero,,0.6117507860870692,0.23566009611647457,318.963330745697,13
112,0.2,64,50,1,0.2,tanh,uniform,,0.8319037894259135,0.7767929653650724,306.00151658058167,13
113,0.2,64,50,1,0.2,tanh,normal,,0.825550260948491,0.7669941717085862,311.13093161582947,13
114,0.2,64,50,1,0.4,tanh,zero,,0.6117507860870692,0.23566009611647457,315.22640585899353,13
115,0.2,64,50,1,0.4,tanh,uniform,,0.8341534571623069,0.7786437850250537,323.32548809051514,13
116,0.2,64,50,1,0.4,tanh,normal,,0.8315374890596131,0.7749285667465221,326.12181520462036,13
117,0.2,64,50,2,0,tanh,zero,,0.6117507860870692,0.23566009611647457,353.63878750801086,13
118,0.2,64,50,2,0,tanh,uniform,,0.8014036111381244,0.7345720619411501,354.63960099220276,13
119,0.2,64,50,2,0,tanh,normal,,0.7851534895782685,0.7096866339282474,324.8022494316101,13
120,0.2,64,50,2,0.2,tanh,zero,,0.6117507860870692,0.23566009611647457,369.628210067749,13
121,0.2,64,50,2,0.2,tanh,uniform,,0.8175013776783687,0.7559456287988257,379.1871392726898,13
122,0.2,64,50,2,0.2,tanh,normal,,0.8131187396674123,0.7499359223632293,368.1907489299774,13
123,0.2,64,50,2,0.4,tanh,zero,,0.6117507860870692,0.23566009611647457,357.94488072395325,13
124,0.2,64,50,2,0.4,tanh,uniform,,0.8240137443677268,0.7638335132083967,365.1957745552063,13
125,0.2,64,50,2,0.4,tanh,normal,,0.8240364355408604,0.7616233993227856,380.1851031780243,13
126,0.2,64,50,3,0,tanh,zero,,0.6117507860870692,0.23566009611647457,394.24216890335083,13
127,0.2,64,50,3,0,tanh,uniform,,0.7955719796427762,0.726754941953221,382.8421630859375,13
128,0.2,64,50,3,0,tanh,normal,,0.7849687185970371,0.7097681043059402,433.616662979126,13
129,0.2,64,50,3,0.2,tanh,zero,,0.6117507860870692,0.23566009611647457,518.3237817287445,13
130,0.2,64,50,3,0.2,tanh,uniform,,0.8095238095238096,0.7440793191212209,484.7298378944397,13
131,0.2,64,50,3,0.2,tanh,normal,,0.7984861745923693,0.7272456035733998,435.0971345901489,13
132,0.2,64,50,3,0.4,tanh,zero,,0.6117507860870692,0.23566009611647457,466.06114196777344,13
133,0.2,64,50,3,0.4,tanh,uniform,,0.8209698855716556,0.7582939635238707,459.5866436958313,13
134,0.2,64,50,3,0.4,tanh,normal,,0.8160296930208436,0.7518263873921607,449.2891983985901,13
135,0.2,64,50,1,0,sigmoid,zero,,0.633557003468508,0.2740525987683941,344.85991072654724,13
136,0.2,64,50,1,0,sigmoid,uniform,,0.8554118447923759,0.8101271117569112,300.79357266426086,13
137,0.2,64,50,1,0,sigmoid,normal,,0.8526532464585561,0.8062778640036985,339.60481667518616,13
138,0.2,64,50,1,0.2,sigmoid,zero,,0.8713442899283608,0.831683640853066,355.15269017219543,13
139,0.2,64,50,1,0.2,sigmoid,uniform,,0.8723880838925088,0.8324643572086347,381.1458349227905,13
140,0.2,64,50,1,0.2,sigmoid,normal,,0.8730623358941944,0.8331392615125583,355.897465467453,13
141,0.2,64,50,1,0.4,sigmoid,zero,,0.876916593730753,0.8383701395819497,376.7020478248596,13
142,0.2,64,50,1,0.4,sigmoid,uniform,,0.877561671366981,0.8392799648957917,299.8040063381195,13
143,0.2,64,50,1,0.4,sigmoid,normal,,0.8784855262731368,0.8404957893994867,311.57440185546875,13
144,0.2,64,50,2,0,sigmoid,zero,,0.6448734156698759,0.30987619919661424,323.7302451133728,13
145,0.2,64,50,2,0,sigmoid,uniform,,0.8422347563940484,0.7924851038072,324.71776700019836,13
146,0.2,64,50,2,0,sigmoid,normal,,0.84135628383416,0.7901204074416084,328.5801923274994,13
147,0.2,64,50,2,0.2,sigmoid,zero,,0.8687348050179908,0.8278474424666398,357.3258786201477,13
148,0.2,64,50,2,0.2,sigmoid,uniform,,0.8660248306266006,0.823930510832741,360.1163454055786,13
149,0.2,64,50,2,0.2,sigmoid,normal,,0.8662809167233946,0.8244201705751755,353.7314341068268,13
150,0.2,64,50,2,0.4,sigmoid,zero,,0.8711562773509677,0.8303078682700386,382.4520466327667,13
151,0.2,64,50,2,0.4,sigmoid,uniform,,0.8717592142370902,0.8313587302829781,387.2926058769226,13
152,0.2,64,50,2,0.4,sigmoid,normal,,0.8738338357807384,0.833924285780863,371.65713930130005,13
153,0.2,64,50,3,0,sigmoid,zero,,0.6286103277253721,0.27721067031572416,369.59165811538696,13
154,0.2,64,50,3,0,sigmoid,uniform,,0.8225096437485818,0.7637225835675608,384.93746638298035,13
155,0.2,64,50,3,0,sigmoid,normal,,0.8254205971020129,0.7694727020438213,400.4182949066162,13
156,0.2,64,50,3,0.2,sigmoid,zero,,0.8537326979804856,0.8086554462669555,436.49538111686707,13
157,0.2,64,50,3,0.2,sigmoid,uniform,,0.8487211903141108,0.8012126897351667,413.3427052497864,13
158,0.2,64,50,3,0.2,sigmoid,normal,,0.852348536419333,0.8063996958135214,424.12018299102783,13
159,0.2,64,50,3,0.4,sigmoid,zero,,0.847719537100068,0.7925934861850326,453.4757339954376,13
160,0.2,64,50,3,0.4,sigmoid,uniform,,0.8472851632143666,0.7922657694396528,440.4038269519806,13
161,0.2,64,50,3,0.4,sigmoid,normal,,0.8550196116567796,0.8078608272500905,510.46101355552673,13
162,0.2,128,50,1,0,selu,zero,,0.6117540276832312,0.23562750389610052,250.16330099105835,13
163,0.2,128,50,1,0,selu,uniform,,0.580433725566469,0.016344805076785224,261.31869173049927,13
164,0.2,128,50,1,0,selu,normal,,0.5818114039352978,0.020390508002219754,238.51843929290771,13
165,0.2,128,50,1,0.2,selu,zero,,0.6117540276832312,0.23562750389610052,294.61276960372925,13
166,0.2,128,50,1,0.2,selu,uniform,,0.5805406982398134,0.006783799334239035,250.1597683429718,13
167,0.2,128,50,1,0.2,selu,normal,,0.5818892022431846,0.021337389689301992,260.72929883003235,13
168,0.2,128,50,1,0.4,selu,zero,,0.6117540276832312,0.23562750389610052,283.1174464225769,13
169,0.2,128,50,1,0.4,selu,uniform,,0.5840707964601771,0.03280995423511823,251.81030893325806,13
170,0.2,128,50,1,0.4,selu,normal,,0.5831048008039159,0.03174339213651909,275.3337004184723,13
171,0.2,128,50,2,0,selu,zero,,0.6117540276832312,0.23562750389610052,289.61810278892517,13
172,0.2,128,50,2,0,selu,uniform,,0.580566631009109,0.0035926995640578226,281.9921486377716,13
173,0.2,128,50,2,0,selu,normal,,0.5803786184317159,0.0038978162678579794,286.20105361938477,13
174,0.2,128,50,2,0.2,selu,zero,,0.6117540276832312,0.23562750389610052,288.2625331878662,13
175,0.2,128,50,2,0.2,selu,uniform,,0.580492074297384,0.0034972169489778148,319.22003078460693,13
176,0.2,128,50,2,0.2,selu,normal,,0.5805504230282992,0.0020162307202275472,282.0397849082947,13
177,0.2,128,50,2,0.4,selu,zero,,0.6117540276832312,0.23562750389610052,327.78258514404297,13
178,0.2,128,50,2,0.4,selu,uniform,,0.5807449187980163,0.0038195997762217057,315.9055950641632,13
179,0.2,128,50,2,0.4,selu,normal,,0.5807708515673118,0.0032306510438824413,313.7879812717438,13
180,0.2,128,50,3,0,selu,zero,,0.6117540276832312,0.23562750389610052,337.61202907562256,13
181,0.2,128,50,3,0,selu,uniform,,0.58075140199034,0.0026212530396912516,298.7820370197296,13
182,0.2,128,50,3,0,selu,normal,,0.5807092612402347,0.002402721068502708,305.8135666847229,13
183,0.2,128,50,3,0.2,selu,zero,,0.6117540276832312,0.23562750389610052,323.7772340774536,13
184,0.2,128,50,3,0.2,selu,uniform,,0.5803332360854485,0.0,333.6370379924774,13
185,0.2,128,50,3,0.2,selu,normal,,0.5803332360854485,0.0,313.80240058898926,13
186,0.2,128,50,3,0.4,selu,zero,,0.6117540276832312,0.23562750389610052,349.3545207977295,13
187,0.2,128,50,3,0.4,selu,uniform,,0.5803332360854485,0.0,370.1767098903656,13
188,0.2,128,50,3,0.4,selu,normal,,0.5803332360854485,0.0,420.7216727733612,13
189,0.2,128,50,1,0,tanh,zero,,0.6117540276832312,0.23562750389610052,270.1246404647827,13
190,0.2,128,50,1,0,tanh,uniform,,0.7808907906253039,0.7029992126946408,302.5830750465393,13
191,0.2,128,50,1,0,tanh,normal,,0.7755875393043533,0.6949574528724625,308.8980085849762,13
192,0.2,128,50,1,0.2,tanh,zero,,0.6117540276832312,0.23562750389610052,327.7424349784851,13
193,0.2,128,50,1,0.2,tanh,uniform,,0.8106389186035206,0.7443181138411809,295.28589391708374,13
194,0.2,128,50,1,0.2,tanh,normal,,0.8079872929430453,0.7414432728852567,298.6574285030365,13
195,0.2,128,50,1,0.4,tanh,zero,,0.6117540276832312,0.23562750389610052,323.97625255584717,13
196,0.2,128,50,1,0.4,tanh,uniform,,0.8184576485461442,0.755241477920379,271.0991487503052,13
197,0.2,128,50,1,0.4,tanh,normal,,0.8132484035138903,0.747760003136362,319.85062193870544,13
198,0.2,128,50,2,0,tanh,zero,,0.6117540276832312,0.23562750389610052,381.5177137851715,13
199,0.2,128,50,2,0,tanh,uniform,,0.7796427761029531,0.7003397288130787,339.0555272102356,13
200,0.2,128,50,2,0,tanh,normal,,0.7618464131738466,0.6697158507302206,272.463481426239,13
201,0.2,128,50,2,0.2,tanh,zero,,0.6117540276832312,0.23562750389610052,385.1448175907135,13
202,0.2,128,50,2,0.2,tanh,uniform,,0.7931634736944472,0.7189240363454706,407.39138078689575,13
203,0.2,128,50,2,0.2,tanh,normal,,0.78477422282732,0.7046757225778515,386.840571641922,13
204,0.2,128,50,2,0.4,tanh,zero,,0.6117540276832312,0.23562750389610052,328.6505937576294,13
205,0.2,128,50,2,0.4,tanh,uniform,,0.7951311225647508,0.7178041015548126,372.55377888679504,13
206,0.2,128,50,2,0.4,tanh,normal,,0.7934390093682125,0.7150269881224579,389.0495054721832,13
207,0.2,128,50,3,0,tanh,zero,,0.6117540276832312,0.23562750389610052,408.36266922950745,13
208,0.2,128,50,3,0,tanh,uniform,,0.7645207300074557,0.6771016574399359,269.2419981956482,13
209,0.2,128,50,3,0,tanh,normal,,0.747149016175565,0.6498114964733857,299.65006947517395,13
210,0.2,128,50,3,0.2,tanh,zero,,0.6117540276832312,0.23562750389610052,309.204959154129,13
211,0.2,128,50,3,0.2,tanh,uniform,,0.7594962559564328,0.6651304261367766,319.10686469078064,13
212,0.2,128,50,3,0.2,tanh,normal,,0.7440921909948459,0.6428889029503654,303.5350160598755,13
213,0.2,128,50,3,0.4,tanh,zero,,0.6117540276832312,0.23562750389610052,314.3538815975189,13
214,0.2,128,50,3,0.4,tanh,uniform,,0.7813770300495965,0.6960975332459426,344.6912376880646,13
215,0.2,128,50,3,0.4,tanh,normal,,0.7648870303737562,0.670198470842252,367.08860754966736,13
216,0.2,128,50,1,0,sigmoid,zero,,0.6378326688061202,0.28744329417189396,296.91604590415955,13
217,0.2,128,50,1,0,sigmoid,uniform,,0.8508995429349412,0.8036751967050692,259.75250458717346,13
218,0.2,128,50,1,0,sigmoid,normal,,0.848046938312425,0.7992294114295911,270.61506628990173,13
219,0.2,128,50,1,0.2,sigmoid,zero,,0.866183668838536,0.8243163448216467,318.98941230773926,13
220,0.2,128,50,1,0.2,sigmoid,uniform,,0.8672825699374371,0.8254173098345979,266.4462592601776,13
221,0.2,128,50,1,0.2,sigmoid,normal,,0.8683847126325003,0.8270222265572649,300.0214886665344,13
222,0.2,128,50,1,0.4,sigmoid,zero,,0.8712859411974456,0.8307200067096918,315.97101378440857,13
223,0.2,128,50,1,0.4,sigmoid,uniform,,0.871726798275471,0.8311007433847488,265.2035903930664,13
224,0.2,128,50,1,0.4,sigmoid,normal,,0.874132062627638,0.8343990807767832,338.86450457572937,13
225,0.2,128,50,2,0,sigmoid,zero,,0.6407922461019807,0.2941869274531315,301.8593349456787,13
226,0.2,128,50,2,0,sigmoid,uniform,,0.8348179843755064,0.7817231457493088,326.2561845779419,13
227,0.2,128,50,2,0,sigmoid,normal,,0.8333009173717139,0.7787073549707856,315.46382761001587,13
228,0.2,128,50,2,0.2,sigmoid,zero,,0.8609452494408248,0.8170568336860704,361.3952522277832,13
229,0.2,128,50,2,0.2,sigmoid,uniform,,0.8571007163927519,0.8117599840648305,331.4984292984009,13
230,0.2,128,50,2,0.2,sigmoid,normal,,0.8583616972997506,0.8137037747701685,366.78428983688354,13
231,0.2,128,50,2,0.4,sigmoid,zero,,0.8635547343511947,0.8203023926420674,337.47250032424927,13
232,0.2,128,50,2,0.4,sigmoid,uniform,,0.8635514927550326,0.8200860737029112,380.90073895454407,13
233,0.2,128,50,2,0.4,sigmoid,normal,,0.8663943725890627,0.8239895853975606,356.8001923561096,13
234,0.2,128,50,3,0,sigmoid,zero,,0.625806347045285,0.27251124530793563,364.92121291160583,13
235,0.2,128,50,3,0,sigmoid,uniform,,0.8084475995980422,0.7450616731176506,302.3201336860657,13
236,0.2,128,50,3,0,sigmoid,normal,,0.8037278355862425,0.7356401625687994,277.5130500793457,13
237,0.2,128,50,3,0.2,sigmoid,zero,,0.8374209860935525,0.785289743301421,295.30726289749146,13
238,0.2,128,50,3,0.2,sigmoid,uniform,,0.8397257609646991,0.7893020073392139,307.9130709171295,13
239,0.2,128,50,3,0.2,sigmoid,normal,,0.8382216603455542,0.7870361949322956,293.0742163658142,13
240,0.2,128,50,3,0.4,sigmoid,zero,,0.8280884307432981,0.7618471142028167,313.3840365409851,13
241,0.2,128,50,3,0.4,sigmoid,uniform,,0.8335148627184027,0.771465236769858,292.0283052921295,13
242,0.2,128,50,3,0.4,sigmoid,normal,,0.8362215955136308,0.7781638767929114,376.6021282672882,13
243,0.2,32,100,1,0,selu,zero,,0.6117896852410126,0.23572594127662025,975.5469281673431,13
244,0.2,32,100,1,0,selu,uniform,,0.5909300139388636,0.05952979170936475,990.4360318183899,13
245,0.2,32,100,1,0,selu,normal,,0.5840545884793673,0.028330033472244682,985.2591161727905,13
246,0.2,32,100,1,0.2,selu,zero,,0.6117896852410126,0.23572594127662025,1055.105388879776,13
247,0.2,32,100,1,0.2,selu,uniform,,0.5803332360854485,0.0,1161.2503669261932,13
248,0.2,32,100,1,0.2,selu,normal,,0.5803332360854485,0.0,1110.466715812683,13
249,0.2,32,100,1,0.4,selu,zero,,0.6117896852410126,0.23572594127662025,894.0791780948639,13
250,0.2,32,100,1,0.4,selu,uniform,,0.5803332360854485,0.0,842.8236584663391,13
251,0.2,32,100,1,0.4,selu,normal,,0.5803332360854485,0.0,1023.4589293003082,13
252,0.2,32,100,2,0,selu,zero,,0.6117896852410126,0.23572594127662025,1152.9424996376038,13
253,0.2,32,100,2,0,selu,uniform,,0.5803332360854485,0.0,1234.962886095047,13
254,0.2,32,100,2,0,selu,normal,,0.5803332360854485,0.0,1172.3976483345032,13
255,0.2,32,100,2,0.2,selu,zero,,0.6117896852410126,0.23572594127662025,1296.9079542160034,13
256,0.2,32,100,2,0.2,selu,uniform,,0.5803332360854485,0.0,979.3955810070038,13
257,0.2,32,100,2,0.2,selu,normal,,0.5803332360854485,0.0,1127.5348477363586,13
258,0.2,32,100,2,0.4,selu,zero,,0.6117896852410126,0.23572594127662025,1225.6410591602325,13
259,0.2,32,100,2,0.4,selu,uniform,,0.5803332360854485,0.0,1323.797374010086,13
260,0.2,32,100,2,0.4,selu,normal,,0.5803332360854485,0.0,1216.6901471614838,13
261,0.2,32,100,3,0,selu,zero,,0.6117896852410126,0.23572594127662025,1329.0487072467804,13
262,0.2,32,100,3,0,selu,uniform,,0.5803332360854485,0.0,1039.593471288681,13
263,0.2,32,100,3,0,selu,normal,,0.5803332360854485,0.0,1189.7368969917297,13
264,0.2,32,100,3,0.2,selu,zero,,0.6117896852410126,0.23572594127662025,1442.3376441001892,13
265,0.2,32,100,3,0.2,selu,uniform,,0.5803332360854485,0.0,1494.303776025772,13
266,0.2,32,100,3,0.2,selu,normal,,0.5803332360854485,0.0,1508.5217518806458,13
267,0.2,32,100,3,0.4,selu,zero,,0.6117896852410126,0.23572594127662025,1215.9643204212189,13
268,0.2,32,100,3,0.4,selu,uniform,,0.5803332360854485,0.0,1081.928589105606,13
269,0.2,32,100,3,0.4,selu,normal,,0.5803332360854485,0.0,1080.281554698944,13
270,0.2,32,100,1,0,tanh,zero,,0.6117896852410126,0.23572594127662025,707.543374300003,13
271,0.2,32,100,1,0,tanh,uniform,,0.8185159972770591,0.7582937998001968,726.7191343307495,13
272,0.2,32,100,1,0,tanh,normal,,0.8090959188304323,0.744573992357304,746.5823476314545,13
273,0.2,32,100,1,0.2,tanh,zero,,0.6117896852410126,0.23572594127662025,874.5858330726624,13
274,0.2,32,100,1,0.2,tanh,uniform,,0.8550260948491039,0.8090001179483224,835.6312847137451,13
275,0.2,32,100,1,0.2,tanh,normal,,0.853327498460242,0.8065568412684098,858.8239343166351,13
276,0.2,32,100,1,0.4,tanh,zero,,0.6117896852410126,0.23572594127662025,856.443032503128,13
277,0.2,32,100,1,0.4,tanh,uniform,,0.8636779150053487,0.8197997691945791,861.7029378414154,13
278,0.2,32,100,1,0.4,tanh,normal,,0.8604914259781516,0.8156881167865794,870.8298346996307,13
279,0.2,32,100,2,0,tanh,zero,,0.6117896852410126,0.23572594127662025,941.9486339092255,13
280,0.2,32,100,2,0,tanh,uniform,,0.8164964828681641,0.7569220800797508,1005.8102238178253,13
281,0.2,32,100,2,0,tanh,normal,,0.8137832668806119,0.7515233089892288,1023.734498500824,13
282,0.2,32,100,2,0.2,tanh,zero,,0.6117896852410126,0.23572594127662025,1033.3388476371765,13
283,0.2,32,100,2,0.2,tanh,uniform,,0.8553113553113555,0.8092306635105954,1042.6510682106018,13
284,0.2,32,100,2,0.2,tanh,normal,,0.8549061557911114,0.8091924564453564,1059.8919842243195,13
285,0.2,32,100,2,0.4,tanh,zero,,0.6117896852410126,0.23572594127662025,1032.2157707214355,13
286,0.2,32,100,2,0.4,tanh,uniform,,0.8646179778923143,0.8215358502178296,1044.9943280220032,13
287,0.2,32,100,2,0.4,tanh,normal,,0.8627086777529256,0.8191956962361149,1063.3800942897797,13
288,0.2,32,100,3,0,tanh,zero,,0.6117896852410126,0.23572594127662025,977.285187959671,13
289,0.2,32,100,3,0,tanh,uniform,,0.816451100521897,0.7543340942263195,983.2891392707825,13
290,0.2,32,100,3,0,tanh,normal,,0.8099095594670815,0.7465901952223482,990.1400413513184,13
291,0.2,32,100,3,0.2,tanh,zero,,0.6117896852410126,0.23572594127662025,1047.1134161949158,13
292,0.2,32,100,3,0.2,tanh,uniform,,0.8527504943434148,0.8064033722346641,1131.6271350383759,13
293,0.2,32,100,3,0.2,tanh,normal,,0.8524846834581348,0.8058638885395799,1132.4256336688995,13
294,0.2,32,100,3,0.4,tanh,zero,,0.6117896852410126,0.23572594127662025,1127.7643172740936,13
295,0.2,32,100,3,0.4,tanh,uniform,,0.8618723459431424,0.8185657847308218,1134.581207036972,13
296,0.2,32,100,3,0.4,tanh,normal,,0.8610619469026547,0.8175163180256104,1124.5253100395203,13
297,0.2,32,100,1,0,sigmoid,zero,,0.6437809977632986,0.3012064287598936,793.518180847168,13
298,0.2,32,100,1,0,sigmoid,uniform,,0.8554150863885378,0.8101979197559644,807.2188425064087,13
299,0.2,32,100,1,0,sigmoid,normal,,0.8565853026030019,0.8116732066738492,885.8871109485626,13
300,0.2,32,100,1,0.2,sigmoid,zero,,0.8799215533728807,0.8431523614988513,1070.1300842761993,13
301,0.2,32,100,1,0.2,sigmoid,uniform,,0.8795422866219325,0.8426992424205247,971.2641413211823,13
302,0.2,32,100,1,0.2,sigmoid,normal,,0.8799118285843949,0.8428410387348644,972.6731679439545,13
303,0.2,32,100,1,0.4,sigmoid,zero,,0.8841745275373594,0.8490466005296419,993.1715791225433,13
304,0.2,32,100,1,0.4,sigmoid,uniform,,0.8856332458102371,0.8503909674539674,942.9908556938171,13
305,0.2,32,100,1,0.4,sigmoid,normal,,0.885500340367597,0.8505452677773401,957.0709738731384,13
306,0.2,32,100,2,0,sigmoid,zero,,0.6490939738727349,0.31137483055083154,1025.7840132713318,13
307,0.2,32,100,2,0,sigmoid,uniform,,0.8545884793672405,0.8089934215067308,987.8852953910828,13
308,0.2,32,100,2,0,sigmoid,normal,,0.8545755129825927,0.8094981675770365,890.9111053943634,13
309,0.2,32,100,2,0.2,sigmoid,zero,,0.8792278517942235,0.8419130902766131,984.5485415458679,13
310,0.2,32,100,2,0.2,sigmoid,uniform,,0.8790819799669355,0.8416344799370529,971.2652225494385,13
311,0.2,32,100,2,0.2,sigmoid,normal,,0.8799442445460144,0.8425178981295961,965.9972851276398,13
312,0.2,32,100,2,0.4,sigmoid,zero,,0.8855522059061881,0.8497539844291954,1002.7422513961792,13
313,0.2,32,100,2,0.4,sigmoid,uniform,,0.8846640085578138,0.8484436262942952,1050.4301073551178,13
314,0.2,32,100,2,0.4,sigmoid,normal,,0.8855975882524556,0.8502641002053659,1033.7219800949097,13
315,0.2,32,100,3,0,sigmoid,zero,,0.6284547311095983,0.27823778194966764,1104.037023305893,13
316,0.2,32,100,3,0,sigmoid,uniform,,0.8462057116924372,0.7968737797856466,1097.7666165828705,13
317,0.2,32,100,3,0,sigmoid,normal,,0.8458815520762423,0.7974887143728469,1094.6301350593567,13
318,0.2,32,100,3,0.2,sigmoid,zero,,0.8752828292651301,0.8366105550112927,1149.9388439655304,13
319,0.2,32,100,3,0.2,sigmoid,uniform,,0.8741806865700672,0.8352856780141878,1288.7935993671417,13
320,0.2,32,100,3,0.2,sigmoid,normal,,0.8738079030114427,0.8345142007723239,1235.7996525764465,13
321,0.2,32,100,3,0.4,sigmoid,zero,,0.8782164737916951,0.8404805862015711,1202.2986326217651,13
322,0.2,32,100,3,0.4,sigmoid,uniform,,0.8793931731984829,0.8419049442324831,1223.8790292739868,13
323,0.2,32,100,3,0.4,sigmoid,normal,,0.8804564167396027,0.8435968935841124,1175.4401543140411,13
324,0.2,64,100,1,0,selu,zero,,0.6117507860870692,0.23566009611647457,499.5658390522003,13
325,0.2,64,100,1,0,selu,uniform,,0.5810139712794581,0.010103489339611733,513.8457138538361,13
326,0.2,64,100,1,0,selu,normal,,0.5822490194171611,0.021660720544558885,501.5757567882538,13
327,0.2,64,100,1,0.2,selu,zero,,0.6117507860870692,0.23566009611647457,555.2047319412231,13
328,0.2,64,100,1,0.2,selu,uniform,,0.581545593050018,0.010933314536676727,505.85317063331604,13
329,0.2,64,100,1,0.2,selu,normal,,0.5803332360854485,0.0,511.8701581954956,13
330,0.2,64,100,1,0.4,selu,zero,,0.6117507860870692,0.23566009611647457,491.5087034702301,13
331,0.2,64,100,1,0.4,selu,uniform,,0.5803332360854485,0.0,490.8734850883484,13
332,0.2,64,100,1,0.4,selu,normal,,0.5803332360854485,0.0,489.94598388671875,13
333,0.2,64,100,2,0,selu,zero,,0.6117507860870692,0.23566009611647457,549.0938923358917,13
334,0.2,64,100,2,0,selu,uniform,,0.5803332360854485,0.0,602.5280869007111,13
335,0.2,64,100,2,0,selu,normal,,0.5803332360854485,0.0,658.2549335956573,13
336,0.2,64,100,2,0.2,selu,zero,,0.6117507860870692,0.23566009611647457,714.0370533466339,13
337,0.2,64,100,2,0.2,selu,uniform,,0.5803332360854485,0.0,715.7455732822418,13
338,0.2,64,100,2,0.2,selu,normal,,0.5803332360854485,0.0,725.9534587860107,13
339,0.2,64,100,2,0.4,selu,zero,,0.6117507860870692,0.23566009611647457,742.3895301818848,13
340,0.2,64,100,2,0.4,selu,uniform,,0.5803332360854485,0.0,716.4128289222717,13
341,0.2,64,100,2,0.4,selu,normal,,0.5803332360854485,0.0,792.3765189647675,13
342,0.2,64,100,3,0,selu,zero,,0.6117507860870692,0.23566009611647457,858.6556422710419,13
343,0.2,64,100,3,0,selu,uniform,,0.5803332360854485,0.0,753.6270682811737,13
344,0.2,64,100,3,0,selu,normal,,0.5803332360854485,0.0,868.8616797924042,13
345,0.2,64,100,3,0.2,selu,zero,,0.6117507860870692,0.23566009611647457,947.2688150405884,13
346,0.2,64,100,3,0.2,selu,uniform,,0.5803332360854485,0.0,927.8674087524414,13
347,0.2,64,100,3,0.2,selu,normal,,0.5803332360854485,0.0,850.1565029621124,13
348,0.2,64,100,3,0.4,selu,zero,,0.6117507860870692,0.23566009611647457,693.3833708763123,13
349,0.2,64,100,3,0.4,selu,uniform,,0.5803332360854485,0.0,661.0629432201385,13
350,0.2,64,100,3,0.4,selu,normal,,0.5803332360854485,0.0,670.772976398468,13
351,0.2,64,100,1,0,tanh,zero,,0.6117507860870692,0.23566009611647457,476.33114552497864,13
352,0.2,64,100,1,0,tanh,uniform,,0.8070050893059743,0.7424059456869648,532.8457245826721,13
353,0.2,64,100,1,0,tanh,normal,,0.7971700865506176,0.7285694173640019,566.7917945384979,13
354,0.2,64,100,1,0.2,tanh,zero,,0.6117507860870692,0.23566009611647457,603.7544786930084,13
355,0.2,64,100,1,0.2,tanh,uniform,,0.8405653343706442,0.7876630194035558,657.0379276275635,13
356,0.2,64,100,1,0.2,tanh,normal,,0.838626859865798,0.7856410851684689,652.4285333156586,13
357,0.2,64,100,1,0.4,tanh,zero,,0.6117507860870692,0.23566009611647457,614.9963188171387,13
358,0.2,64,100,1,0.4,tanh,uniform,,0.8489643100262568,0.7992958318820246,694.0861670970917,13
359,0.2,64,100,1,0.4,tanh,normal,,0.8461862621154655,0.7958242691414785,601.6607451438904,13
360,0.2,64,100,2,0,tanh,zero,,0.6117507860870692,0.23566009611647457,708.441977262497,13
361,0.2,64,100,2,0,tanh,uniform,,0.8062173814386204,0.741201455917962,725.7975375652313,13
362,0.2,64,100,2,0,tanh,normal,,0.7846899413271096,0.711995958299544,630.9747912883759,13
363,0.2,64,100,2,0.2,tanh,zero,,0.6117507860870692,0.23566009611647457,793.6615889072418,13
364,0.2,64,100,2,0.2,tanh,uniform,,0.8382216603455541,0.7851358051368302,790.5490293502808,13
365,0.2,64,100,2,0.2,tanh,normal,,0.8345748646633602,0.7788907499365267,735.0376543998718,13
366,0.2,64,100,2,0.4,tanh,zero,,0.6117507860870692,0.23566009611647457,841.1265685558319,13
367,0.2,64,100,2,0.4,tanh,uniform,,0.8469123796557426,0.797427883464822,705.154629945755,13
368,0.2,64,100,2,0.4,tanh,normal,,0.8470161107329248,0.7971423088614576,598.0611567497253,13
369,0.2,64,100,3,0,tanh,zero,,0.6117507860870692,0.23566009611647457,627.1312520503998,13
370,0.2,64,100,3,0,tanh,uniform,,0.8013452624072094,0.7341430805622213,633.3657250404358,13
371,0.2,64,100,3,0,tanh,normal,,0.7977470906674446,0.7297889734329922,635.6277077198029,13
372,0.2,64,100,3,0.2,tanh,zero,,0.6117507860870692,0.23566009611647457,750.8593361377716,13
373,0.2,64,100,3,0.2,tanh,uniform,,0.8290900839573406,0.7728442883232816,859.3805701732635,13
374,0.2,64,100,3,0.2,tanh,normal,,0.8233816331161463,0.7632856684335706,807.0352737903595,13
375,0.2,64,100,3,0.4,tanh,zero,,0.6117507860870692,0.23566009611647457,842.7762470245361,13
376,0.2,64,100,3,0.4,tanh,uniform,,0.8408116956789524,0.788360321096481,780.7969136238098,13
377,0.2,64,100,3,0.4,tanh,normal,,0.8380660637297807,0.7846789985116979,904.3680438995361,13
378,0.2,64,100,1,0,sigmoid,zero,,0.6421569580861616,0.30038884814441946,579.9307653903961,13
379,0.2,64,100,1,0,sigmoid,uniform,,0.8532561833446788,0.8072037435689244,605.2681176662445,13
380,0.2,64,100,1,0,sigmoid,normal,,0.8520859671302149,0.8061295028465691,643.7245805263519,13
381,0.2,64,100,1,0.2,sigmoid,zero,,0.8767707219034653,0.8389513735229023,622.247200012207,13
382,0.2,64,100,1,0.2,sigmoid,uniform,,0.8771435054620895,0.8393458475448206,709.9476344585419,13
383,0.2,64,100,1,0.2,sigmoid,normal,,0.8774676650782844,0.8396594345306209,772.5195984840393,13
384,0.2,64,100,1,0.4,sigmoid,zero,,0.8818340951084315,0.8456821481713478,671.9020376205444,13
385,0.2,64,100,1,0.4,sigmoid,uniform,,0.8822036370708937,0.8456968489984227,706.1964552402496,13
386,0.2,64,100,1,0.4,sigmoid,normal,,0.8831534247463451,0.8472377417560569,758.0276618003845,13
387,0.2,64,100,2,0,sigmoid,zero,,0.6462186780770852,0.31187727819418976,653.8972413539886,13
388,0.2,64,100,2,0,sigmoid,uniform,,0.8482770916399235,0.8005096090360281,574.6396052837372,13
389,0.2,64,100,2,0,sigmoid,normal,,0.8487827806411877,0.801160416679689,550.5125946998596,13
390,0.2,64,100,2,0.2,sigmoid,zero,,0.8741288210314758,0.8351190582163158,646.5525453090668,13
391,0.2,64,100,2,0.2,sigmoid,uniform,,0.8737138967227464,0.8347254078256686,655.2225692272186,13
392,0.2,64,100,2,0.2,sigmoid,normal,,0.8744238062822134,0.8352338553681681,830.393468618393,13
393,0.2,64,100,2,0.4,sigmoid,zero,,0.8809621057408666,0.8437745128946137,675.4272017478943,13
394,0.2,64,100,2,0.4,sigmoid,uniform,,0.8826704269182146,0.8459336469794317,754.8452100753784,13
395,0.2,64,100,2,0.4,sigmoid,normal,,0.8812441246069563,0.8439154588279935,802.6868200302124,13
396,0.2,64,100,3,0,sigmoid,zero,,0.6183085351226943,0.3044564106941613,812.6263456344604,13
397,0.2,64,100,3,0,sigmoid,uniform,,0.8351226944147297,0.7833444113920386,904.8697249889374,13
398,0.2,64,100,3,0,sigmoid,normal,,0.8355278939349737,0.783455693856941,758.5652539730072,13
399,0.2,64,100,3,0.2,sigmoid,zero,,0.8684106454017959,0.8275501111905906,959.1753835678101,13
400,0.2,64,100,3,0.2,sigmoid,uniform,,0.8652857467016759,0.8230232675724426,836.5889437198639,13
401,0.2,64,100,3,0.2,sigmoid,normal,,0.8662096016078317,0.8245409026900756,1002.9208409786224,13
402,0.2,64,100,3,0.4,sigmoid,zero,,0.8703199455411845,0.8304088300789176,698.2079756259918,13
403,0.2,64,100,3,0.4,sigmoid,uniform,,0.87009627540601,0.8303654004168427,681.519193649292,13
404,0.2,64,100,3,0.4,sigmoid,normal,,0.8716684495445558,0.8317830377636145,700.2053983211517,13
405,0.2,128,100,1,0,selu,zero,,0.6117572692793931,0.2356290251082755,334.046493768692,13
406,0.2,128,100,1,0,selu,uniform,,0.5807935427404455,0.0066400503300882265,385.31591415405273,13
407,0.2,128,100,1,0,selu,normal,,0.5816525657233623,0.01984816123098712,408.85030364990234,13
408,0.2,128,100,1,0.2,selu,zero,,0.6117572692793931,0.2356290251082755,434.302428483963,13
409,0.2,128,100,1,0.2,selu,uniform,,0.5833252293429286,0.03047426318733822,370.56327295303345,13
410,0.2,128,100,1,0.2,selu,normal,,0.5806898116632631,0.005434893969271373,428.0703938007355,13
411,0.2,128,100,1,0.4,selu,zero,,0.6117572692793931,0.2356290251082755,426.28090381622314,13
412,0.2,128,100,1,0.4,selu,uniform,,0.5821355635514929,0.01895666552426147,381.0556471347809,13
413,0.2,128,100,1,0.4,selu,normal,,0.5846737333462998,0.033475333352997357,417.045535326004,13
414,0.2,128,100,2,0,selu,zero,,0.6117572692793931,0.2356290251082755,441.28820538520813,13
415,0.2,128,100,2,0,selu,uniform,,0.5806606372978055,0.004126701527925964,468.2098619937897,13
416,0.2,128,100,2,0,selu,normal,,0.5807351940095303,0.003016100410392103,491.67295956611633,13
417,0.2,128,100,2,0.2,selu,zero,,0.6117572692793931,0.2356290251082755,606.1180112361908,13
418,0.2,128,100,2,0.2,selu,uniform,,0.5803332360854485,0.0,356.2116394042969,13
419,0.2,128,100,2,0.2,selu,normal,,0.5803332360854485,0.0,529.133706331253,13
420,0.2,128,100,2,0.4,selu,zero,,0.6117572692793931,0.2356290251082755,597.3082315921783,13
421,0.2,128,100,2,0.4,selu,uniform,,0.5803332360854485,0.0,416.13156056404114,13
422,0.2,128,100,2,0.4,selu,normal,,0.5803332360854485,0.0,525.4425435066223,13
423,0.2,128,100,3,0,selu,zero,,0.6117572692793931,0.2356290251082755,619.1360394954681,13
424,0.2,128,100,3,0,selu,uniform,,0.5803332360854485,0.0,479.18885016441345,13
425,0.2,128,100,3,0,selu,normal,,0.5803332360854485,0.0,431.2346251010895,13
426,0.2,128,100,3,0.2,selu,zero,,0.6117572692793931,0.2356290251082755,440.2437217235565,13
427,0.2,128,100,3,0.2,selu,uniform,,0.5803332360854485,0.0,472.2359628677368,13
428,0.2,128,100,3,0.2,selu,normal,,0.5803332360854485,0.0,449.42178225517273,13
429,0.2,128,100,3,0.4,selu,zero,,0.6117572692793931,0.2356290251082755,489.4460680484772,13
430,0.2,128,100,3,0.4,selu,uniform,,0.5803332360854485,0.0,485.840669631958,13
431,0.2,128,100,3,0.4,selu,normal,,0.5803332360854485,0.0,590.5766003131866,13
432,0.2,128,100,1,0,tanh,zero,,0.6117572692793931,0.2356290251082755,326.24368119239807,13
433,0.2,128,100,1,0,tanh,uniform,,0.790505364841648,0.7177003714732558,383.82551884651184,13
434,0.2,128,100,1,0,tanh,normal,,0.7833770948815196,0.7064249195243563,399.2166168689728,13
435,0.2,128,100,1,0.2,tanh,zero,,0.6117572692793931,0.2356290251082755,434.68453335762024,13
436,0.2,128,100,1,0.2,tanh,uniform,,0.826594054912639,0.7674374194602607,404.5487895011902,13
437,0.2,128,100,1,0.2,tanh,normal,,0.8190638270284288,0.7570023705209865,422.41891646385193,13
438,0.2,128,100,1,0.4,tanh,zero,,0.6117572692793931,0.2356290251082755,430.58141827583313,13
439,0.2,128,100,1,0.4,tanh,uniform,,0.8341242827968492,0.7777528071108969,430.0476348400116,13
440,0.2,128,100,1,0.4,tanh,normal,,0.8298583422477229,0.7715637386445863,463.7344698905945,13
441,0.2,128,100,2,0,tanh,zero,,0.6117572692793931,0.2356290251082755,564.135411977768,13
442,0.2,128,100,2,0,tanh,uniform,,0.7885020584135628,0.7151785331013362,324.26417326927185,13
443,0.2,128,100,2,0,tanh,normal,,0.7749424616681254,0.6932451586762323,490.7966191768646,13
444,0.2,128,100,2,0.2,tanh,zero,,0.6117572692793931,0.2356290251082755,554.5254402160645,13
445,0.2,128,100,2,0.2,tanh,uniform,,0.8124023469156213,0.7482140367896903,540.2215728759766,13
446,0.2,128,100,2,0.2,tanh,normal,,0.7984926577846932,0.7241847301298231,414.62728238105774,13
447,0.2,128,100,2,0.4,tanh,zero,,0.6117572692793931,0.2356290251082755,547.932923078537,13
448,0.2,128,100,2,0.4,tanh,uniform,,0.8183312262958281,0.755388712934855,569.5581061840057,13
449,0.2,128,100,2,0.4,tanh,normal,,0.8135077312068463,0.7466147422696994,375.6394350528717,13
450,0.2,128,100,3,0,tanh,zero,,0.6117572692793931,0.2356290251082755,364.2979130744934,13
451,0.2,128,100,3,0,tanh,uniform,,0.7849038866737982,0.7101819421850767,329.9566719532013,13
452,0.2,128,100,3,0,tanh,normal,,0.768141592920354,0.6833569857584082,356.61545872688293,13
453,0.2,128,100,3,0.2,tanh,zero,,0.6117572692793931,0.2356290251082755,383.69166111946106,13
454,0.2,128,100,3,0.2,tanh,uniform,,0.7924957048850854,0.716428641107254,380.1312153339386,13
455,0.2,128,100,3,0.2,tanh,normal,,0.7715031281402964,0.6855509060814563,386.8191297054291,13
456,0.2,128,100,3,0.4,tanh,zero,,0.6117572692793931,0.2356290251082755,427.6876845359802,13
457,0.2,128,100,3,0.4,tanh,uniform,,0.8066938960744271,0.7358158500243627,379.19073581695557,13
458,0.2,128,100,3,0.4,tanh,normal,,0.7983305779765958,0.7225316734408516,393.096617937088,13
459,0.2,128,100,1,0,sigmoid,zero,,0.6356899737430711,0.27489907939634733,312.7234375476837,13
460,0.2,128,100,1,0,sigmoid,uniform,,0.8513890239553957,0.8045835478402964,302.67554473876953,13
461,0.2,128,100,1,0,sigmoid,normal,,0.8490194171610101,0.8007999308395383,276.362895488739,13
462,0.2,128,100,1,0.2,sigmoid,zero,,0.8725112645466628,0.8330845986825449,325.3603253364563,13
463,0.2,128,100,1,0.2,sigmoid,uniform,,0.8741612369930956,0.8352617507714746,321.86190009117126,13
464,0.2,128,100,1,0.2,sigmoid,normal,,0.8739019093001393,0.8346463617208364,311.77193903923035,13
465,0.2,128,100,1,0.4,sigmoid,zero,,0.877966870887225,0.8405994080598511,355.4587163925171,13
466,0.2,128,100,1,0.4,sigmoid,uniform,,0.8803980680086875,0.8430891750726663,326.4958071708679,13
467,0.2,128,100,1,0.4,sigmoid,normal,,0.8795811857758762,0.8421821020432994,349.6913924217224,13
468,0.2,128,100,2,0,sigmoid,zero,,0.6408052124866284,0.3019569243324868,358.0341808795929,13
469,0.2,128,100,2,0,sigmoid,uniform,,0.8387078997698467,0.7868452408468701,346.64155197143555,13
470,0.2,128,100,2,0,sigmoid,normal,,0.8397873512917761,0.7887979157503597,337.45327401161194,13
471,0.2,128,100,2,0.2,sigmoid,zero,,0.8700638594443904,0.8294668072624053,400.1470584869385,13
472,0.2,128,100,2,0.2,sigmoid,uniform,,0.8683425718823949,0.82695180837674,384.3684411048889,13
473,0.2,128,100,2,0.2,sigmoid,normal,,0.8691335213459109,0.8280576556944705,368.3032033443451,13
474,0.2,128,100,2,0.4,sigmoid,zero,,0.8761159194787512,0.8367445847601019,378.4274823665619,13
475,0.2,128,100,2,0.4,sigmoid,uniform,,0.8758565917857953,0.8366600193819167,380.3523631095886,13
476,0.2,128,100,2,0.4,sigmoid,normal,,0.8771564718467374,0.8381617937996506,372.3727729320526,13
477,0.2,128,100,3,0,sigmoid,zero,,0.6257317903335603,0.27817868226774206,352.45056200027466,13
478,0.2,128,100,3,0,sigmoid,uniform,,0.8186262115465655,0.7587641401490615,341.9671516418457,13
479,0.2,128,100,3,0,sigmoid,normal,,0.8169211319653797,0.7567198224926185,346.8251414299011,13
480,0.2,128,100,3,0.2,sigmoid,zero,,0.8584654283769328,0.8140705499601477,391.00910234451294,13
481,0.2,128,100,3,0.2,sigmoid,uniform,,0.8551006515608286,0.8096619060542861,398.5065243244171,13
482,0.2,128,100,3,0.2,sigmoid,normal,,0.8562643845829687,0.8113628374792728,374.57429790496826,13
483,0.2,128,100,3,0.4,sigmoid,zero,,0.8633148562352103,0.8208021359892426,417.2012903690338,13
484,0.2,128,100,3,0.4,sigmoid,uniform,,0.8622678206749004,0.8186513820302865,416.77322912216187,13
485,0.2,128,100,3,0.4,sigmoid,normal,,0.8626762617913061,0.8202667090455299,359.6519470214844,13
486,0.2,32,150,1,0,selu,zero,,0.6117896852410126,0.23572594127662025,1042.51682305336,13
487,0.2,32,150,1,0,selu,uniform,,0.5815131770883983,0.008132234262969594,1065.5265474319458,13
488,0.2,32,150,1,0,selu,normal,,0.5809134817984376,0.0038261590294803257,1153.9308304786682,13
489,0.2,32,150,1,0.2,selu,zero,,0.6117896852410126,0.23572594127662025,1171.0986726284027,13
490,0.2,32,150,1,0.2,selu,uniform,,0.5803332360854485,0.0,1170.7710826396942,13
491,0.2,32,150,1,0.2,selu,normal,,0.5803332360854485,0.0,1180.6819958686829,13
492,0.2,32,150,1,0.4,selu,zero,,0.6117896852410126,0.23572594127662025,1064.768256187439,13
493,0.2,32,150,1,0.4,selu,uniform,,0.5803332360854485,0.0,1056.12197804451,13
494,0.2,32,150,1,0.4,selu,normal,,0.5803332360854485,0.0,1101.5622313022614,13
495,0.2,32,150,2,0,selu,zero,,0.6117896852410126,0.23572594127662025,1250.0211713314056,13
496,0.2,32,150,2,0,selu,uniform,,0.5803332360854485,0.0,1262.9152300357819,13
497,0.2,32,150,2,0,selu,normal,,0.5803332360854485,0.0,1299.094435453415,13
498,0.2,32,150,2,0.2,selu,zero,,0.6117896852410126,0.23572594127662025,1425.6301922798157,13
499,0.2,32,150,2,0.2,selu,uniform,,0.5803332360854485,0.0,1431.6457543373108,13
500,0.2,32,150,2,0.2,selu,normal,,0.5803332360854485,0.0,1258.3724927902222,13
501,0.2,32,150,2,0.4,selu,zero,,0.6117896852410126,0.23572594127662025,1369.852768421173,13
502,0.2,32,150,2,0.4,selu,uniform,,0.5803332360854485,0.0,1342.1939430236816,13
503,0.2,32,150,2,0.4,selu,normal,,0.5803332360854485,0.0,1426.2629461288452,13
504,0.2,32,150,3,0,selu,zero,,0.6117896852410126,0.23572594127662025,1530.9037296772003,13
505,0.2,32,150,3,0,selu,uniform,,0.5803332360854485,0.0,1512.1952950954437,13
506,0.2,32,150,3,0,selu,normal,,0.5803332360854485,0.0,1327.4293282032013,13
507,0.2,32,150,3,0.2,selu,zero,,0.6117896852410126,0.23572594127662025,1517.5841853618622,13
508,0.2,32,150,3,0.2,selu,uniform,,0.5803332360854485,0.0,1689.109763622284,13
509,0.2,32,150,3,0.2,selu,normal,,0.5803332360854485,0.0,1644.1481308937073,13
510,0.2,32,150,3,0.4,selu,zero,,0.6117896852410126,0.23572594127662025,1656.1448788642883,13
511,0.2,32,150,3,0.4,selu,uniform,,0.5803332360854485,0.0,1548.0484669208527,13
512,0.2,32,150,3,0.4,selu,normal,,0.5803332360854485,0.0,1424.3795297145844,13
513,0.2,32,150,1,0,tanh,zero,,0.6117896852410126,0.23572594127662025,1034.1333837509155,13
514,0.2,32,150,1,0,tanh,uniform,,0.8186586275081851,0.7592433927163683,1072.2082073688507,13
515,0.2,32,150,1,0,tanh,normal,,0.8102402022756003,0.747041749606654,1051.4309029579163,13
516,0.2,32,150,1,0.2,tanh,zero,,0.6117896852410126,0.23572594127662025,1186.6005115509033,13
517,0.2,32,150,1,0.2,tanh,uniform,,0.8608512431521281,0.8166116820313922,1259.4254245758057,13
518,0.2,32,150,1,0.2,tanh,normal,,0.8595157055334047,0.814087857478973,1183.1169233322144,13
519,0.2,32,150,1,0.4,tanh,zero,,0.6117896852410126,0.23572594127662025,1056.020744085312,13
520,0.2,32,150,1,0.4,tanh,uniform,,0.8665272780317029,0.8238021842945974,1095.0227966308594,13
521,0.2,32,150,1,0.4,tanh,normal,,0.8657849525106164,0.8230966852509197,1141.9449598789215,13
522,0.2,32,150,2,0,tanh,zero,,0.6117896852410126,0.23572594127662025,1255.8499732017517,13
523,0.2,32,150,2,0,tanh,uniform,,0.8218159421699245,0.762601422667206,1285.0733559131622,13
524,0.2,32,150,2,0,tanh,normal,,0.8130474245518494,0.7513218944524207,1367.6201775074005,13
525,0.2,32,150,2,0.2,tanh,zero,,0.6117896852410126,0.23572594127662025,1244.8762860298157,13
526,0.2,32,150,2,0.2,tanh,uniform,,0.860147816784985,0.8163992452471109,1221.8719749450684,13
527,0.2,32,150,2,0.2,tanh,normal,,0.8577004116827125,0.8128514616756135,1329.411188840866,13
528,0.2,32,150,2,0.4,tanh,zero,,0.6117896852410126,0.23572594127662025,1308.6598069667816,13
529,0.2,32,150,2,0.4,tanh,uniform,,0.8699374371940743,0.8292529922555334,1320.5941135883331,13
530,0.2,32,150,2,0.4,tanh,normal,,0.8680281370546858,0.8264352409064398,1399.5051929950714,13
531,0.2,32,150,3,0,tanh,zero,,0.6117896852410126,0.23572594127662025,1448.001987695694,13
532,0.2,32,150,3,0,tanh,uniform,,0.8233557003468509,0.7652960151120476,1302.8317754268646,13
533,0.2,32,150,3,0,tanh,normal,,0.8107977568154559,0.7478521476845377,1359.1563034057617,13
534,0.2,32,150,3,0.2,tanh,zero,,0.6117896852410126,0.23572594127662025,1509.3802585601807,13
535,0.2,32,150,3,0.2,tanh,uniform,,0.8584557035884469,0.8146408641517267,1463.001039981842,13
536,0.2,32,150,3,0.2,tanh,normal,,0.8574410839897565,0.8123848203566297,1547.3043463230133,13
537,0.2,32,150,3,0.4,tanh,zero,,0.6117896852410126,0.23572594127662025,1522.2140641212463,13
538,0.2,32,150,3,0.4,tanh,uniform,,0.866841712859412,0.8256475340724544,1439.42959523201,13
539,0.2,32,150,3,0.4,tanh,normal,,0.8659664818956855,0.8240628268777384,1440.0845818519592,13
540,0.2,32,150,1,0,sigmoid,zero,,0.6443612434762878,0.307612121269108,1041.4551575183868,13
541,0.2,32,150,1,0,sigmoid,uniform,,0.8546857272520991,0.8083822006523945,1105.8764204978943,13
542,0.2,32,150,1,0,sigmoid,normal,,0.855217349022659,0.8091325169900909,1065.5550105571747,13
543,0.2,32,150,1,0.2,sigmoid,zero,,0.8793575156407016,0.8427632804279066,1154.4398164749146,13
544,0.2,32,150,1,0.2,sigmoid,uniform,,0.88101721287562,0.8446572550631599,1092.94003367424,13
545,0.2,32,150,1,0.2,sigmoid,normal,,0.8801970890466464,0.8437371474988752,1164.4596090316772,13
546,0.2,32,150,1,0.4,sigmoid,zero,,0.8854063340789005,0.8506048032901109,1176.6661279201508,13
547,0.2,32,150,1,0.4,sigmoid,uniform,,0.8865117183701254,0.8521013403875493,1295.481097459793,13
548,0.2,32,150,1,0.4,sigmoid,normal,,0.8878310480080394,0.8535919439168997,1150.24067902565,13
549,0.2,32,150,2,0,sigmoid,zero,,0.6506369736458232,0.31600304454811706,1361.320573091507,13
550,0.2,32,150,2,0,sigmoid,uniform,,0.8545009562708678,0.8083737939880461,1234.7828540802002,13
551,0.2,32,150,2,0,sigmoid,normal,,0.8527699439203864,0.8066957873528526,1359.8431260585785,13
552,0.2,32,150,2,0.2,sigmoid,zero,,0.8822781937826185,0.845802446277831,1295.7674460411072,13
553,0.2,32,150,2,0.2,sigmoid,uniform,,0.8807643683749877,0.8438756959007233,1288.7845799922943,13
554,0.2,32,150,2,0.2,sigmoid,normal,,0.881720639242763,0.8453836684556465,1284.698559999466,13
555,0.2,32,150,2,0.4,sigmoid,zero,,0.8885830983176114,0.8537272022831013,1359.5531072616577,13
556,0.2,32,150,2,0.4,sigmoid,uniform,,0.8877597328924763,0.8523753562462549,1333.396995306015,13
557,0.2,32,150,2,0.4,sigmoid,normal,,0.8872119031411067,0.8520660870119051,1389.2997636795044,13
558,0.2,32,150,3,0,sigmoid,zero,,0.6311647055009886,0.28091493422526065,1425.7253127098083,13
559,0.2,32,150,3,0,sigmoid,uniform,,0.8477000875230962,0.7998865603491511,1477.32364487648,13
560,0.2,32,150,3,0,sigmoid,normal,,0.8500923854906156,0.8030320297278826,1574.7213921546936,13
561,0.2,32,150,3,0.2,sigmoid,zero,,0.8782845473110961,0.8408643627853344,1555.910793542862,13
562,0.2,32,150,3,0.2,sigmoid,uniform,,0.8768290706343805,0.8390124037617007,1608.0324018001556,13
563,0.2,32,150,3,0.2,sigmoid,normal,,0.8763006904599824,0.8380940046292985,1663.7028710842133,13
564,0.2,32,150,3,0.4,sigmoid,zero,,0.8838211935557069,0.8475888121112642,1515.4568634033203,13
565,0.2,32,150,3,0.4,sigmoid,uniform,,0.8848617459236928,0.8490965354420945,1410.4015312194824,13
566,0.2,32,150,3,0.4,sigmoid,normal,,0.8848682291160167,0.8492064194465307,1425.2842626571655,13
567,0.2,64,150,1,0,selu,zero,,0.6117507860870692,0.23566009611647457,660.935296535492,13
568,0.2,64,150,1,0,selu,uniform,,0.5811144607604785,0.008967714539901125,655.2496416568756,13
569,0.2,64,150,1,0,selu,normal,,0.58101721287562,0.006821698350476154,670.2366878986359,13
570,0.2,64,150,1,0.2,selu,zero,,0.6117507860870692,0.23566009611647457,668.2435009479523,13
571,0.2,64,150,1,0.2,selu,uniform,,0.5803332360854485,0.0,687.2796277999878,13
572,0.2,64,150,1,0.2,selu,normal,,0.5803332360854485,0.0,709.3743896484375,13
573,0.2,64,150,1,0.4,selu,zero,,0.6117507860870692,0.23566009611647457,680.213948726654,13
574,0.2,64,150,1,0.4,selu,uniform,,0.5803332360854485,0.0,704.0101182460785,13
575,0.2,64,150,1,0.4,selu,normal,,0.5803332360854485,0.0,698.30761885643,13
576,0.2,64,150,2,0,selu,zero,,0.6117507860870692,0.23566009611647457,819.7348399162292,13
577,0.2,64,150,2,0,selu,uniform,,0.5803332360854485,0.0,811.8350524902344,13
578,0.2,64,150,2,0,selu,normal,,0.5803332360854485,0.0,830.8372919559479,13
579,0.2,64,150,2,0.2,selu,zero,,0.6117507860870692,0.23566009611647457,858.9342622756958,13
580,0.2,64,150,2,0.2,selu,uniform,,0.5803332360854485,0.0,877.1900913715363,13
581,0.2,64,150,2,0.2,selu,normal,,0.5803332360854485,0.0,898.3885495662689,13
582,0.2,64,150,2,0.4,selu,zero,,0.6117507860870692,0.23566009611647457,875.9003736972809,13
583,0.2,64,150,2,0.4,selu,uniform,,0.5803332360854485,0.0,886.0745782852173,13
584,0.2,64,150,2,0.4,selu,normal,,0.5803332360854485,0.0,889.8399980068207,13
585,0.2,64,150,3,0,selu,zero,,0.6117507860870692,0.23566009611647457,860.6950187683105,13
586,0.2,64,150,3,0,selu,uniform,,0.5803332360854485,0.0,816.232718706131,13
587,0.2,64,150,3,0,selu,normal,,0.5803332360854485,0.0,830.5120210647583,13
588,0.2,64,150,3,0.2,selu,zero,,0.6117507860870692,0.23566009611647457,987.6008772850037,13
589,0.2,64,150,3,0.2,selu,uniform,,0.5803332360854485,0.0,1034.560733795166,13
590,0.2,64,150,3,0.2,selu,normal,,0.5803332360854485,0.0,1029.9597680568695,13
591,0.2,64,150,3,0.4,selu,zero,,0.6117507860870692,0.23566009611647457,1044.4986732006073,13
592,0.2,64,150,3,0.4,selu,uniform,,0.5803332360854485,0.0,1040.9045219421387,13
593,0.2,64,150,3,0.4,selu,normal,,0.5803332360854485,0.0,1152.3791046142578,13
594,0.2,64,150,1,0,tanh,zero,,0.6117507860870692,0.23566009611647457,756.1458449363708,13
595,0.2,64,150,1,0,tanh,uniform,,0.8091931667152907,0.7456283378416538,772.0914783477783,13
596,0.2,64,150,1,0,tanh,normal,,0.7987163279198678,0.7302019399590032,875.4158136844635,13
597,0.2,64,150,1,0.2,tanh,zero,,0.6117507860870692,0.23566009611647457,812.465455532074,13
598,0.2,64,150,1,0.2,tanh,uniform,,0.8479464488314047,0.7984271593081288,937.1182458400726,13
599,0.2,64,150,1,0.2,tanh,normal,,0.8462121948847614,0.7959497350005111,714.6833384037018,13
600,0.2,64,150,1,0.4,tanh,zero,,0.6117507860870692,0.23566009611647457,724.9480941295624,13
601,0.2,64,150,1,0.4,tanh,uniform,,0.8566793088916983,0.8106492280497728,737.0177929401398,13
602,0.2,64,150,1,0.4,tanh,normal,,0.8529774060747511,0.8055814176001885,696.1749866008759,13
603,0.2,64,150,2,0,tanh,zero,,0.6117507860870692,0.23566009611647457,783.9120111465454,13
604,0.2,64,150,2,0,tanh,uniform,,0.8125125611851276,0.7493573106838766,868.5141968727112,13
605,0.2,64,150,2,0,tanh,normal,,0.7919900158838213,0.7206284336499112,760.7911715507507,13
606,0.2,64,150,2,0.2,tanh,zero,,0.6117507860870692,0.23566009611647457,947.2038328647614,13
607,0.2,64,150,2,0.2,tanh,uniform,,0.8445557392460047,0.7945706136375089,806.3630571365356,13
608,0.2,64,150,2,0.2,tanh,normal,,0.8356186586275081,0.7819011774306306,894.2222545146942,13
609,0.2,64,150,2,0.4,tanh,zero,,0.6117507860870692,0.23566009611647457,964.3451850414276,13
610,0.2,64,150,2,0.4,tanh,uniform,,0.8560796136017376,0.8100898600686831,994.4264357089996,13
611,0.2,64,150,2,0.4,tanh,normal,,0.8549742293105125,0.807240064885577,891.5604038238525,13
612,0.2,64,150,3,0,tanh,zero,,0.6117507860870692,0.23566009611647457,1173.116340637207,13
613,0.2,64,150,3,0,tanh,uniform,,0.8147460209407112,0.7532743809282233,937.5520977973938,13
614,0.2,64,150,3,0,tanh,normal,,0.7994424454601445,0.7317455605707013,1100.5736904144287,13
615,0.2,64,150,3,0.2,tanh,zero,,0.6117507860870692,0.23566009611647457,983.7402985095978,13
616,0.2,64,150,3,0.2,tanh,uniform,,0.8407565885441991,0.7900391580253465,920.3859837055206,13
617,0.2,64,150,3,0.2,tanh,normal,,0.8340724172582578,0.7807275183310637,963.1433906555176,13
618,0.2,64,150,3,0.4,tanh,zero,,0.6117507860870692,0.23566009611647457,1016.3048508167267,13
619,0.2,64,150,3,0.4,tanh,uniform,,0.8526953872086616,0.8053882606072337,1062.517668247223,13
620,0.2,64,150,3,0.4,tanh,normal,,0.8484553794288308,0.7988743241484857,1004.2394280433655,13
621,0.2,64,150,1,0,sigmoid,zero,,0.6446140879769199,0.31107275211402646,812.4265615940094,13
622,0.2,64,150,1,0,sigmoid,uniform,,0.8538785698077733,0.8079660664125511,786.9075882434845,13
623,0.2,64,150,1,0,sigmoid,normal,,0.852996855651723,0.8064469861061789,811.0537750720978,13
624,0.2,64,150,1,0.2,sigmoid,zero,,0.878213232195533,0.8412716033681532,844.3940954208374,13
625,0.2,64,150,1,0.2,sigmoid,uniform,,0.8787189211967973,0.8415425850965496,976.5905222892761,13
626,0.2,64,150,1,0.2,sigmoid,normal,,0.8778923141755002,0.8402777579341029,805.1798052787781,13
627,0.2,64,150,1,0.4,sigmoid,zero,,0.8837109792862005,0.8480717645899887,917.5163896083832,13
628,0.2,64,150,1,0.4,sigmoid,uniform,,0.8848033971927778,0.8494169842314673,857.5114426612854,13
629,0.2,64,150,1,0.4,sigmoid,normal,,0.8850821744627054,0.8498981099150162,1001.6314513683319,13
630,0.2,64,150,2,0,sigmoid,zero,,0.647862167331194,0.3118324286724065,917.4086565971375,13
631,0.2,64,150,2,0,sigmoid,uniform,,0.8515867613212746,0.8047911286140421,765.4681713581085,13
632,0.2,64,150,2,0,sigmoid,normal,,0.8492301209115368,0.8016404014116344,774.9488055706024,13
633,0.2,64,150,2,0.2,sigmoid,zero,,0.8773509676164544,0.8390904591160961,868.8413436412811,13
634,0.2,64,150,2,0.2,sigmoid,uniform,,0.8762715160945248,0.8377936098779164,924.9758403301239,13
635,0.2,64,150,2,0.2,sigmoid,normal,,0.8775195306168755,0.8397923576844429,872.6872534751892,13
636,0.2,64,150,2,0.4,sigmoid,zero,,0.8842263930759505,0.8477994578778437,950.6253397464752,13
637,0.2,64,150,2,0.4,sigmoid,uniform,,0.8842101850951408,0.8479494775872511,1006.2232286930084,13
638,0.2,64,150,2,0.4,sigmoid,normal,,0.8848390547505591,0.8488360612848972,881.6162385940552,13
639,0.2,64,150,3,0,sigmoid,zero,,0.628227819378262,0.282642179779203,1051.2706093788147,13
640,0.2,64,150,3,0,sigmoid,uniform,,0.8403124898700121,0.7893069628342207,1041.6600742340088,13
641,0.2,64,150,3,0,sigmoid,normal,,0.8387111413660087,0.7870710896987926,1023.9694175720215,13
642,0.2,64,150,3,0.2,sigmoid,zero,,0.8718953612758923,0.8324551330937368,1158.4584527015686,13
643,0.2,64,150,3,0.2,sigmoid,uniform,,0.867814191707997,0.8271249552192186,917.5605669021606,13
644,0.2,64,150,3,0.2,sigmoid,normal,,0.8709455736004409,0.8307444279360493,921.0462009906769,13
645,0.2,64,150,3,0.4,sigmoid,zero,,0.8785406334078901,0.840934572433162,946.3143637180328,13
646,0.2,64,150,3,0.4,sigmoid,uniform,,0.8762034425751242,0.838017345443226,1083.0904710292816,13
647,0.2,64,150,3,0.4,sigmoid,normal,,0.8785244254270802,0.8407413322192205,991.9492475986481,13
648,0.2,128,150,1,0,selu,zero,,0.6117572692793931,0.2356290251082755,480.4467041492462,13
649,0.2,128,150,1,0,selu,uniform,,0.58088430743298,0.008857845251844734,458.50215911865234,13
650,0.2,128,150,1,0,selu,normal,,0.581078803202697,0.008951293658699793,540.3769254684448,13
651,0.2,128,150,1,0.2,selu,zero,,0.6117572692793931,0.2356290251082755,434.45496463775635,13
652,0.2,128,150,1,0.2,selu,uniform,,0.5803332360854485,0.0,587.8665888309479,13
653,0.2,128,150,1,0.2,selu,normal,,0.5803332360854485,0.0,620.9274299144745,13
654,0.2,128,150,1,0.4,selu,zero,,0.6117572692793931,0.2356290251082755,425.7414197921753,13
655,0.2,128,150,1,0.4,selu,uniform,,0.5803332360854485,0.0,518.2625317573547,13
656,0.2,128,150,1,0.4,selu,normal,,0.5803332360854485,0.0,583.2917046546936,13
657,0.2,128,150,2,0,selu,zero,,0.6117572692793931,0.2356290251082755,534.2089140415192,13
658,0.2,128,150,2,0,selu,uniform,,0.5808292002982268,0.0028036893789056805,558.1768786907196,13
659,0.2,128,150,2,0,selu,normal,,0.5807384356056923,0.0031162556442485578,676.8867688179016,13
660,0.2,128,150,2,0.2,selu,zero,,0.6117572692793931,0.2356290251082755,523.4046475887299,13
661,0.2,128,150,2,0.2,selu,uniform,,0.5803332360854485,0.0,529.2628853321075,13
662,0.2,128,150,2,0.2,selu,normal,,0.5803332360854485,0.0,472.009073972702,13
663,0.2,128,150,2,0.4,selu,zero,,0.6117572692793931,0.2356290251082755,551.9847514629364,13
664,0.2,128,150,2,0.4,selu,uniform,,0.5803332360854485,0.0,518.5744233131409,13
665,0.2,128,150,2,0.4,selu,normal,,0.5803332360854485,0.0,476.5192732810974,13
666,0.2,128,150,3,0,selu,zero,,0.6117572692793931,0.2356290251082755,686.1605026721954,13
667,0.2,128,150,3,0,selu,uniform,,0.5803332360854485,0.0,562.1980304718018,13
668,0.2,128,150,3,0,selu,normal,,0.5803332360854485,0.0,553.0034070014954,13
669,0.2,128,150,3,0.2,selu,zero,,0.6117572692793931,0.2356290251082755,739.1916973590851,13
670,0.2,128,150,3,0.2,selu,uniform,,0.5803332360854485,0.0,591.2197761535645,13
671,0.2,128,150,3,0.2,selu,normal,,0.5803332360854485,0.0,702.4127018451691,13
672,0.2,128,150,3,0.4,selu,zero,,0.6117572692793931,0.2356290251082755,661.9649240970612,13
673,0.2,128,150,3,0.4,selu,uniform,,0.5803332360854485,0.0,742.8441660404205,13
674,0.2,128,150,3,0.4,selu,normal,,0.5803332360854485,0.0,583.8033258914948,13
675,0.2,128,150,1,0,tanh,zero,,0.6117572692793931,0.2356290251082755,536.3244652748108,13
676,0.2,128,150,1,0,tanh,uniform,,0.7961651917404129,0.7267748656726237,537.1981663703918,13
677,0.2,128,150,1,0,tanh,normal,,0.7871730039871631,0.7122831565149682,504.23570466041565,13
678,0.2,128,150,1,0.2,tanh,zero,,0.6117572692793931,0.2356290251082755,559.846782207489,13
679,0.2,128,150,1,0.2,tanh,uniform,,0.8343836104898052,0.7792453467097552,563.8795881271362,13
680,0.2,128,150,1,0.2,tanh,normal,,0.8302116762293753,0.7732813910959732,546.3984513282776,13
681,0.2,128,150,1,0.4,tanh,zero,,0.6117572692793931,0.2356290251082755,491.5912730693817,13
682,0.2,128,150,1,0.4,tanh,uniform,,0.8395345067911438,0.7861779164135468,452.7445192337036,13
683,0.2,128,150,1,0.4,tanh,normal,,0.8394631916755811,0.7858082682839215,473.8346495628357,13
684,0.2,128,150,2,0,tanh,zero,,0.6117572692793931,0.2356290251082755,481.8275821208954,13
685,0.2,128,150,2,0,tanh,uniform,,0.792259068365263,0.7213198593279027,458.8672995567322,13
686,0.2,128,150,2,0,tanh,normal,,0.7736555479918312,0.690764904441932,475.7741365432739,13
687,0.2,128,150,2,0.2,tanh,zero,,0.6117572692793931,0.2356290251082755,556.2367973327637,13
688,0.2,128,150,2,0.2,tanh,uniform,,0.8259651852572206,0.7671822287288587,489.4621195793152,13
689,0.2,128,150,2,0.2,tanh,normal,,0.8172323251969269,0.7550549944128245,508.93587255477905,13
690,0.2,128,150,2,0.4,tanh,zero,,0.6117572692793931,0.2356290251082755,543.8449914455414,13
691,0.2,128,150,2,0.4,tanh,uniform,,0.8349022658757171,0.7801057979386842,483.65804290771484,13
692,0.2,128,150,2,0.4,tanh,normal,,0.8296800544588157,0.7708876515371827,525.7841198444366,13
693,0.2,128,150,3,0,tanh,zero,,0.6117572692793931,0.2356290251082755,565.8436214923859,13
694,0.2,128,150,3,0,tanh,uniform,,0.7941910596777854,0.7213685914853107,558.9023406505585,13
695,0.2,128,150,3,0,tanh,normal,,0.7803462024700965,0.7030491473675513,554.4562020301819,13
696,0.2,128,150,3,0.2,tanh,zero,,0.6117572692793931,0.2356290251082755,636.4673991203308,13
697,0.2,128,150,3,0.2,tanh,uniform,,0.8085642970598723,0.7420711273154643,553.6823816299438,13
698,0.2,128,150,3,0.2,tanh,normal,,0.7985380401309605,0.7275890291052782,584.9148681163788,13
699,0.2,128,150,3,0.4,tanh,zero,,0.6117572692793931,0.2356290251082755,648.8351590633392,13
700,0.2,128,150,3,0.4,tanh,uniform,,0.8230607150961134,0.7611208236185449,593.1357402801514,13
701,0.2,128,150,3,0.4,tanh,normal,,0.8210249927064087,0.7594536441980672,598.6886837482452,13
702,0.2,128,150,1,0,sigmoid,zero,,0.6413238678725405,0.29574889145447025,453.6179084777832,13
703,0.2,128,150,1,0,sigmoid,uniform,,0.8498265746053357,0.802331625131413,461.6801550388336,13
704,0.2,128,150,1,0,sigmoid,normal,,0.8479432072352427,0.800029435819785,434.8054664134979,13
705,0.2,128,150,1,0.2,sigmoid,zero,,0.8767966546727608,0.8392893807568654,532.2667746543884,13
706,0.2,128,150,1,0.2,sigmoid,uniform,,0.8751564070148142,0.8368523908572877,471.9469976425171,13
707,0.2,128,150,1,0.2,sigmoid,normal,,0.8754870498233329,0.836798057167813,482.99188232421875,13
708,0.2,128,150,1,0.4,sigmoid,zero,,0.8812603325877664,0.8447953742672273,448.3509075641632,13
709,0.2,128,150,1,0.4,sigmoid,uniform,,0.8818049207429738,0.8452194945836718,536.7417831420898,13
710,0.2,128,150,1,0.4,sigmoid,normal,,0.8820934228013874,0.8456374647570636,495.53227853775024,13
711,0.2,128,150,2,0,sigmoid,zero,,0.6406885150247982,0.30132154072517714,588.2315928936005,13
712,0.2,128,150,2,0,sigmoid,uniform,,0.843625401147525,0.7947149266113113,533.1125597953796,13
713,0.2,128,150,2,0,sigmoid,normal,,0.8416901682388407,0.7916925787654199,553.278148651123,13
714,0.2,128,150,2,0.2,sigmoid,zero,,0.8735420921261632,0.8341581043918761,593.5613918304443,13
715,0.2,128,150,2,0.2,sigmoid,uniform,,0.8724302246426142,0.832665678063348,500.6365592479706,13
716,0.2,128,150,2,0.2,sigmoid,normal,,0.8729910207786314,0.8331971548434817,581.8983693122864,13
717,0.2,128,150,2,0.4,sigmoid,zero,,0.8788615514279231,0.8405102469774227,558.8519518375397,13
718,0.2,128,150,2,0.4,sigmoid,uniform,,0.8801354987195695,0.8428551771711323,593.9747047424316,13
719,0.2,128,150,2,0.4,sigmoid,normal,,0.8804077927971733,0.8428362432718176,565.0590813159943,13
720,0.2,128,150,3,0,sigmoid,zero,,0.6144607604784597,0.2698897666059467,639.0923964977264,13
721,0.2,128,150,3,0,sigmoid,uniform,,0.8201919024927873,0.7608754400211774,528.5374932289124,13
722,0.2,128,150,3,0,sigmoid,normal,,0.8247204123310318,0.7680439844070138,568.8915703296661,13
723,0.2,128,150,3,0.2,sigmoid,zero,,0.8639502090829525,0.8214641520604051,668.8969039916992,13
724,0.2,128,150,3,0.2,sigmoid,uniform,,0.8606761969593827,0.817007184874735,651.8315567970276,13
725,0.2,128,150,3,0.2,sigmoid,normal,,0.8619144866932479,0.8186012239891846,642.0438933372498,13
726,0.2,128,150,3,0.4,sigmoid,zero,,0.8704820253492819,0.8307519796386956,696.6011786460876,13
727,0.2,128,150,3,0.4,sigmoid,uniform,,0.8693636746734092,0.8287995653116518,578.9467923641205,13
728,0.2,128,150,3,0.4,sigmoid,normal,,0.8729975039709553,0.8339721209698148,573.1907522678375,13
729,0.3,32,50,1,0,selu,zero,,0.6125768885202847,0.23489168290906573,537.8842256069183,13
730,0.3,32,50,1,0,selu,uniform,,0.6005533381712626,0.07753128145158221,493.0947437286377,13
731,0.3,32,50,1,0,selu,normal,,0.5881820616490427,0.038756805332082915,491.6768434047699,13
732,0.3,32,50,1,0.2,selu,zero,,0.6125768885202847,0.23489168290906573,558.8489394187927,13
733,0.3,32,50,1,0.2,selu,uniform,,0.5864369514133665,0.024553299893868653,540.4041547775269,13
734,0.3,32,50,1,0.2,selu,normal,,0.6421076957633561,0.20151199744108877,508.7915177345276,13
735,0.3,32,50,1,0.4,selu,zero,,0.6125768885202847,0.23489168290906573,556.4809091091156,13
736,0.3,32,50,1,0.4,selu,uniform,,0.5850417271407836,0.012616430786533267,536.841224193573,13
737,0.3,32,50,1,0.4,selu,normal,,0.6392978091091298,0.19503278913750405,482.59246706962585,13
738,0.3,32,50,2,0,selu,zero,,0.6125768885202847,0.23489168290906573,671.5635874271393,13
739,0.3,32,50,2,0,selu,uniform,,0.5830784781256478,0.0,612.8345012664795,13
740,0.3,32,50,2,0,selu,normal,,0.5834564413573846,0.0024934831858579166,624.4058239459991,13
741,0.3,32,50,2,0.2,selu,zero,,0.6125768885202847,0.23489168290906573,703.7633345127106,13
742,0.3,32,50,2,0.2,selu,uniform,,0.5830784781256478,0.0,579.3009493350983,13
743,0.3,32,50,2,0.2,selu,normal,,0.5830784781256478,0.0,678.334798336029,13
744,0.3,32,50,2,0.4,selu,zero,,0.6125768885202847,0.23489168290906573,680.1436018943787,13
745,0.3,32,50,2,0.4,selu,uniform,,0.5830784781256478,0.0,669.4236559867859,13
746,0.3,32,50,2,0.4,selu,normal,,0.5830784781256478,0.0,707.0491979122162,13
747,0.3,32,50,3,0,selu,zero,,0.6125768885202847,0.23489168290906573,669.3597259521484,13
748,0.3,32,50,3,0,selu,uniform,,0.5830784781256478,0.0,683.6475055217743,13
749,0.3,32,50,3,0,selu,normal,,0.5830784781256478,0.0,716.9106166362762,13
750,0.3,32,50,3,0.2,selu,zero,,0.6125768885202847,0.23489168290906573,788.5271909236908,13
751,0.3,32,50,3,0.2,selu,uniform,,0.5830784781256478,0.0,674.1757082939148,13
752,0.3,32,50,3,0.2,selu,normal,,0.5830784781256478,0.0,869.5378196239471,13
753,0.3,32,50,3,0.4,selu,zero,,0.6125768885202847,0.23489168290906573,823.8538730144501,13
754,0.3,32,50,3,0.4,selu,uniform,,0.5830784781256478,0.0,821.9748394489288,13
755,0.3,32,50,3,0.4,selu,normal,,0.5830784781256478,0.0,861.4510939121246,13
756,0.3,32,50,1,0,tanh,zero,,0.6125768885202847,0.23489168290906573,550.657155752182,13
757,0.3,32,50,1,0,tanh,uniform,,0.8158455145483448,0.7540681768496519,601.7858281135559,13
758,0.3,32,50,1,0,tanh,normal,,0.8127915716359111,0.7492184525171821,552.5163679122925,13
759,0.3,32,50,1,0.2,tanh,zero,,0.6125768885202847,0.23489168290906573,711.4542226791382,13
760,0.3,32,50,1,0.2,tanh,uniform,,0.8502293696869169,0.8012976812165571,661.8816800117493,13
761,0.3,32,50,1,0.2,tanh,normal,,0.8488190268850644,0.7986087985705331,663.4527895450592,13
762,0.3,32,50,1,0.4,tanh,zero,,0.6125768885202847,0.23489168290906573,580.0684447288513,13
763,0.3,32,50,1,0.4,tanh,uniform,,0.8567411362222682,0.8092353337967294,597.4988806247711,13
764,0.3,32,50,1,0.4,tanh,normal,,0.8538750950307553,0.8049550807212026,595.4652919769287,13
765,0.3,32,50,2,0,tanh,zero,,0.6125768885202847,0.23489168290906573,656.904825925827,13
766,0.3,32,50,2,0,tanh,uniform,,0.8202558055152396,0.761228010297163,624.6396179199219,13
767,0.3,32,50,2,0,tanh,normal,,0.8045714112931093,0.7377179100964718,653.4662494659424,13
768,0.3,32,50,2,0.2,tanh,zero,,0.6125768885202847,0.23489168290906573,634.184166431427,13
769,0.3,32,50,2,0.2,tanh,uniform,,0.848248842352616,0.7985169680846615,574.4864838123322,13
770,0.3,32,50,2,0.2,tanh,normal,,0.8450761109959222,0.7936264085085715,591.4302296638489,13
771,0.3,32,50,2,0.4,tanh,zero,,0.6125768885202847,0.23489168290906573,579.444943189621,13
772,0.3,32,50,2,0.4,tanh,uniform,,0.8520522323588363,0.8027444365470416,577.7625050544739,13
773,0.3,32,50,2,0.4,tanh,normal,,0.8503827147695073,0.8008652206040822,583.180891752243,13
774,0.3,32,50,3,0,tanh,zero,,0.6125768885202847,0.23489168290906573,640.2112364768982,13
775,0.3,32,50,3,0,tanh,uniform,,0.8157051282051283,0.7538131629628108,605.4806916713715,13
776,0.3,32,50,3,0,tanh,normal,,0.8078305342456286,0.7425129148924337,616.8034889698029,13
777,0.3,32,50,3,0.2,tanh,zero,,0.6125768885202847,0.23489168290906573,665.1664590835571,13
778,0.3,32,50,3,0.2,tanh,uniform,,0.8417910705646554,0.7901432738181927,692.6692054271698,13
779,0.3,32,50,3,0.2,tanh,normal,,0.8374974082521253,0.7834945023870168,685.0441672801971,13
780,0.3,32,50,3,0.4,tanh,zero,,0.6125768885202847,0.23489168290906573,728.3766105175018,13
781,0.3,32,50,3,0.4,tanh,uniform,,0.8460804132973945,0.794671048380434,716.0753214359283,13
782,0.3,32,50,3,0.4,tanh,normal,,0.844773740410533,0.7917534390082857,619.7925577163696,13
783,0.3,32,50,1,0,sigmoid,zero,,0.6509952311839103,0.3063855507910241,546.6402885913849,13
784,0.3,32,50,1,0,sigmoid,uniform,,0.8648511472803927,0.8224951352858482,506.4823114871979,13
785,0.3,32,50,1,0,sigmoid,normal,,0.8630304443983688,0.8199607847152969,516.3016052246094,13
786,0.3,32,50,1,0.2,sigmoid,zero,,0.8770474808210659,0.8386564205749292,604.5975890159607,13
787,0.3,32,50,1,0.2,sigmoid,uniform,,0.8792569458843044,0.8412523720022985,509.9117045402527,13
788,0.3,32,50,1,0.2,sigmoid,normal,,0.8793562962195037,0.8411773875495738,573.7930448055267,13
789,0.3,32,50,1,0.4,sigmoid,zero,,0.8827860425737784,0.8460237238831656,565.2220902442932,13
790,0.3,32,50,1,0.4,sigmoid,uniform,,0.8836132421038082,0.8469013617788418,577.640392780304,13
791,0.3,32,50,1,0.4,sigmoid,normal,,0.8835052526090263,0.8467143674770617,566.5820398330688,13
792,0.3,32,50,2,0,sigmoid,zero,,0.6497749498928743,0.30652289830222834,577.4629793167114,13
793,0.3,32,50,2,0,sigmoid,uniform,,0.8563977296288618,0.8110195362759386,624.5547075271606,13
794,0.3,32,50,2,0,sigmoid,normal,,0.8554279839657198,0.8096965806874552,604.2350342273712,13
795,0.3,32,50,2,0.2,sigmoid,zero,,0.8755464268435966,0.8359356301839931,752.8725554943085,13
796,0.3,32,50,2,0.2,sigmoid,uniform,,0.875172783191651,0.8355500767205948,688.4112989902496,13
797,0.3,32,50,2,0.2,sigmoid,normal,,0.8761511680143758,0.8370540586318358,699.6667103767395,13
798,0.3,32,50,2,0.4,sigmoid,zero,,0.8797428986108231,0.8412528312390471,590.8898861408234,13
799,0.3,32,50,2,0.4,sigmoid,uniform,,0.8805506600317922,0.8423175395151975,695.2979431152344,13
800,0.3,32,50,2,0.4,sigmoid,normal,,0.8813346637639091,0.8432620558585884,634.3008332252502,13
801,0.3,32,50,3,0,sigmoid,zero,,0.6346434618840279,0.2788512796252251,759.726550579071,13
802,0.3,32,50,3,0,sigmoid,uniform,,0.8432986039118114,0.792826722453011,701.5988664627075,13
803,0.3,32,50,3,0,sigmoid,normal,,0.8444908079342041,0.7944346447901596,671.0334079265594,13
804,0.3,32,50,3,0.2,sigmoid,zero,,0.8649850542539222,0.8220965076958471,774.667813539505,13
805,0.3,32,50,3,0.2,sigmoid,uniform,,0.8655012440389797,0.8226357439040004,722.1497104167938,13
806,0.3,32,50,3,0.2,sigmoid,normal,,0.8663219641993228,0.8237073403771937,789.5639450550079,13
807,0.3,32,50,3,0.4,sigmoid,zero,,0.856222786647315,0.8039848540911626,781.3604989051819,13
808,0.3,32,50,3,0.4,sigmoid,uniform,,0.8657971352546824,0.8224356547508903,720.490757226944,13
809,0.3,32,50,3,0.4,sigmoid,normal,,0.8687625267813947,0.8277862431504971,664.2014260292053,13
810,0.3,64,50,1,0,selu,zero,,0.6125768885202847,0.23489168290906573,432.5963282585144,13
811,0.3,64,50,1,0,selu,uniform,,0.5860827458704817,0.032812544626834445,340.3357763290405,13
812,0.3,64,50,1,0,selu,normal,,0.589741429953694,0.04876145436835659,371.36161518096924,13
813,0.3,64,50,1,0.2,selu,zero,,0.6125768885202847,0.23489168290906573,434.2508587837219,13
814,0.3,64,50,1,0.2,selu,uniform,,0.5888991118943948,0.04174320989396185,396.95176219940186,13
815,0.3,64,50,1,0.2,selu,normal,,0.5843657129034486,0.013229813447864777,355.8952178955078,13
816,0.3,64,50,1,0.4,selu,zero,,0.6125768885202847,0.23489168290906573,416.3036150932312,13
817,0.3,64,50,1,0.4,selu,uniform,,0.587169120187988,0.03169590295275745,394.8347134590149,13
818,0.3,64,50,1,0.4,selu,normal,,0.5844866611376044,0.012872887553049718,369.3559753894806,13
819,0.3,64,50,2,0,selu,zero,,0.6125768885202847,0.23489168290906573,497.09834599494934,13
820,0.3,64,50,2,0,selu,uniform,,0.5835536319026885,0.004540713379527293,452.2621691226959,13
821,0.3,64,50,2,0,selu,normal,,0.5835233948441496,0.004560620130888432,486.9468274116516,13
822,0.3,64,50,2,0.2,selu,zero,,0.6125768885202847,0.23489168290906573,545.4624123573303,13
823,0.3,64,50,2,0.2,selu,uniform,,0.5836119462298708,0.004298448669871421,415.74430871009827,13
824,0.3,64,50,2,0.2,selu,normal,,0.5835471525330015,0.003150908435812255,504.2720625400543,13
825,0.3,64,50,2,0.4,selu,zero,,0.6125768885202847,0.23489168290906573,580.4888360500336,13
826,0.3,64,50,2,0.4,selu,uniform,,0.5830784781256478,0.0,537.7032933235168,13
827,0.3,64,50,2,0.4,selu,normal,,0.5830784781256478,0.0,403.6027629375458,13
828,0.3,64,50,3,0,selu,zero,,0.6125768885202847,0.23489168290906573,591.7893264293671,13
829,0.3,64,50,3,0,selu,uniform,,0.5830784781256478,0.0,568.5285151004791,13
830,0.3,64,50,3,0,selu,normal,,0.5830784781256478,0.0,569.5082905292511,13
831,0.3,64,50,3,0.2,selu,zero,,0.6125768885202847,0.23489168290906573,506.93267488479614,13
832,0.3,64,50,3,0.2,selu,uniform,,0.5830784781256478,0.0,640.788946390152,13
833,0.3,64,50,3,0.2,selu,normal,,0.5830784781256478,0.0,649.8927116394043,13
834,0.3,64,50,3,0.4,selu,zero,,0.6125768885202847,0.23489168290906573,690.0119440555573,13
835,0.3,64,50,3,0.4,selu,uniform,,0.5830784781256478,0.0,494.74973034858704,13
836,0.3,64,50,3,0.4,selu,normal,,0.5830784781256478,0.0,622.8628945350647,13
837,0.3,64,50,1,0,tanh,zero,,0.6125768885202847,0.23489168290906573,430.5032138824463,13
838,0.3,64,50,1,0,tanh,uniform,,0.8072279528647454,0.7418550760782122,522.74937915802,13
839,0.3,64,50,1,0,tanh,normal,,0.7970510228764948,0.7278133806014527,461.18912625312805,13
840,0.3,64,50,1,0.2,tanh,zero,,0.6125768885202847,0.23489168290906573,522.0750832557678,13
841,0.3,64,50,1,0.2,tanh,uniform,,0.8380913504734259,0.7841374265072332,372.6081256866455,13
842,0.3,64,50,1,0.2,tanh,normal,,0.8341778111825281,0.7785881329384365,547.6912162303925,13
843,0.3,64,50,1,0.4,tanh,zero,,0.6125768885202847,0.23489168290906573,497.0520193576813,13
844,0.3,64,50,1,0.4,tanh,uniform,,0.8407565312046446,0.7857955047294664,502.64404010772705,13
845,0.3,64,50,1,0.4,tanh,normal,,0.8385341074020319,0.7835828137299086,565.6314952373505,13
846,0.3,64,50,2,0,tanh,zero,,0.6125768885202847,0.23489168290906573,414.2883336544037,13
847,0.3,64,50,2,0,tanh,uniform,,0.8031567489114659,0.7361458094988041,419.41819763183594,13
848,0.3,64,50,2,0,tanh,normal,,0.7928048759416685,0.7198897434689674,430.3696458339691,13
849,0.3,64,50,2,0.2,tanh,zero,,0.6125768885202847,0.23489168290906573,470.9648675918579,13
850,0.3,64,50,2,0.2,tanh,uniform,,0.8263204955421937,0.7671758055571075,431.78840684890747,13
851,0.3,64,50,2,0.2,tanh,normal,,0.8219274828944642,0.7612667528877638,435.8557462692261,13
852,0.3,64,50,2,0.4,tanh,zero,,0.6125768885202847,0.23489168290906573,473.12682843208313,13
853,0.3,64,50,2,0.4,tanh,uniform,,0.8332361427880296,0.7762127722831479,425.9653842449188,13
854,0.3,64,50,2,0.4,tanh,normal,,0.8310288375146865,0.7727994276707845,439.0356867313385,13
855,0.3,64,50,3,0,tanh,zero,,0.6125768885202847,0.23489168290906573,487.9426190853119,13
856,0.3,64,50,3,0,tanh,uniform,,0.7968220851475568,0.7257538833048027,431.6046562194824,13
857,0.3,64,50,3,0,tanh,normal,,0.7880209413228282,0.7125672163016736,491.5188808441162,13
858,0.3,64,50,3,0.2,tanh,zero,,0.6125768885202847,0.23489168290906573,611.3425135612488,13
859,0.3,64,50,3,0.2,tanh,uniform,,0.8125388762181215,0.7467980464604802,563.2558674812317,13
860,0.3,64,50,3,0.2,tanh,normal,,0.8076383129449167,0.7384557341350625,404.43524861335754,13
861,0.3,64,50,3,0.4,tanh,zero,,0.6125768885202847,0.23489168290906573,582.9468660354614,13
862,0.3,64,50,3,0.4,tanh,uniform,,0.821629431888866,0.7585997483081803,577.3799474239349,13
863,0.3,64,50,3,0.4,tanh,normal,,0.8133747149077336,0.7455014565167589,575.3463797569275,13
864,0.3,64,50,1,0,sigmoid,zero,,0.6462350542539221,0.29550319400949593,354.4963994026184,13
865,0.3,64,50,1,0,sigmoid,uniform,,0.8610823139125027,0.8172691105566461,420.52109146118164,13
866,0.3,64,50,1,0,sigmoid,normal,,0.8590737093095583,0.8146206944959306,383.26033878326416,13
867,0.3,64,50,1,0.2,sigmoid,zero,,0.8747516241620013,0.8352263295147733,499.7008011341095,13
868,0.3,64,50,1,0.2,sigmoid,uniform,,0.8752397366784158,0.8358002731772588,491.760222196579,13
869,0.3,64,50,1,0.2,sigmoid,normal,,0.875615540120257,0.8362214154895593,342.85830426216125,13
870,0.3,64,50,1,0.4,sigmoid,zero,,0.8781878498859632,0.8397245731406329,485.2198898792267,13
871,0.3,64,50,1,0.4,sigmoid,uniform,,0.8793325385306519,0.8412051338830214,432.99250507354736,13
872,0.3,64,50,1,0.4,sigmoid,normal,,0.8810322931785197,0.8433076690121709,518.9517879486084,13
873,0.3,64,50,2,0,sigmoid,zero,,0.639440355242242,0.28392815237685365,522.6423876285553,13
874,0.3,64,50,2,0,sigmoid,uniform,,0.8481602909668947,0.799732272471414,489.57022356987,13
875,0.3,64,50,2,0,sigmoid,normal,,0.8485036975603013,0.8000106541654431,345.55408239364624,13
876,0.3,64,50,2,0.2,sigmoid,zero,,0.8713305169673095,0.8301358601985278,605.3281350135803,13
877,0.3,64,50,2,0.2,sigmoid,uniform,,0.8682420174165458,0.8257861846153168,468.6135444641113,13
878,0.3,64,50,2,0.2,sigmoid,normal,,0.8693802266915475,0.8277921852066397,580.636025428772,13
879,0.3,64,50,2,0.4,sigmoid,zero,,0.8713089190683531,0.830539601720908,631.6137132644653,13
880,0.3,64,50,2,0.4,sigmoid,uniform,,0.8729352408597691,0.8317208256461168,404.7701721191406,13
881,0.3,64,50,2,0.4,sigmoid,normal,,0.8740194553873799,0.833659471325692,538.087399482727,13
882,0.3,64,50,3,0,sigmoid,zero,,0.635462022254475,0.2778441392099898,540.9118583202362,13
883,0.3,64,50,3,0,sigmoid,uniform,,0.8297934376943811,0.7741600801040762,583.6012420654297,13
884,0.3,64,50,3,0,sigmoid,normal,,0.8307307865090883,0.7752536614703571,615.7111849784851,13
885,0.3,64,50,3,0.2,sigmoid,zero,,0.8545381505287165,0.8082888301303207,473.26846957206726,13
886,0.3,64,50,3,0.2,sigmoid,uniform,,0.8526699322689889,0.805809935263513,490.7361228466034,13
887,0.3,64,50,3,0.2,sigmoid,normal,,0.8555316538807104,0.809762307588303,506.43636655807495,13
888,0.3,64,50,3,0.4,sigmoid,zero,,0.8503395189715945,0.7963938652624635,460.8609576225281,13
889,0.3,64,50,3,0.4,sigmoid,uniform,,0.8464259796806967,0.7903603997032864,483.62669110298157,13
890,0.3,64,50,3,0.4,sigmoid,normal,,0.856382611099592,0.8091925855845183,499.37858629226685,13
891,0.3,128,50,1,0,selu,zero,,0.6125768885202847,0.23489168290906573,304.65159010887146,13
892,0.3,128,50,1,0,selu,uniform,,0.5844002695417789,0.017966482991668375,290.534380197525,13
893,0.3,128,50,1,0,selu,normal,,0.5843678726933443,0.016758173754234697,294.9551956653595,13
894,0.3,128,50,1,0.2,selu,zero,,0.6125768885202847,0.23489168290906573,359.0044710636139,13
895,0.3,128,50,1,0.2,selu,uniform,,0.5850849229386964,0.030674267377759096,309.3734781742096,13
896,0.3,128,50,1,0.2,selu,normal,,0.5841346153846153,0.014032234974491424,279.4048557281494,13
897,0.3,128,50,1,0.4,selu,zero,,0.6125768885202847,0.23489168290906573,318.1032793521881,13
898,0.3,128,50,1,0.4,selu,uniform,,0.584782552353307,0.01695753060854737,378.31949281692505,13
899,0.3,128,50,1,0.4,selu,normal,,0.6043956043956042,0.09053452059455355,295.23064517974854,13
900,0.3,128,50,2,0,selu,zero,,0.6125768885202847,0.23489168290906573,424.6640772819519,13
901,0.3,128,50,2,0,selu,uniform,,0.583370049761559,0.0025592277003162007,361.14357447624207,13
902,0.3,128,50,2,0,selu,normal,,0.5832599004768815,0.0022308383305043237,367.7762553691864,13
903,0.3,128,50,2,0.2,selu,zero,,0.6125768885202847,0.23489168290906573,343.4008984565735,13
904,0.3,128,50,2,0.2,selu,uniform,,0.5834413228281152,0.003613043958103918,376.2987103462219,13
905,0.3,128,50,2,0.2,selu,normal,,0.5833722095514549,0.002406269779626061,389.38930106163025,13
906,0.3,128,50,2,0.4,selu,zero,,0.6125768885202847,0.23489168290906573,435.3986191749573,13
907,0.3,128,50,2,0.4,selu,uniform,,0.5834888382058193,0.004308799367221382,397.5972216129303,13
908,0.3,128,50,2,0.4,selu,normal,,0.5835212350542538,0.003589832948657832,430.694162607193,13
909,0.3,128,50,3,0,selu,zero,,0.6125768885202847,0.23489168290906573,401.0411624908447,13
910,0.3,128,50,3,0,selu,uniform,,0.5832966169051074,0.0020736606605106012,354.53156566619873,13
911,0.3,128,50,3,0,selu,normal,,0.5832879777455249,0.002136869122718274,444.67057824134827,13
912,0.3,128,50,3,0.2,selu,zero,,0.6125768885202847,0.23489168290906573,505.3792288303375,13
913,0.3,128,50,3,0.2,selu,uniform,,0.5832814983758379,0.0021123057638197254,470.99155831336975,13
914,0.3,128,50,3,0.2,selu,normal,,0.5830784781256478,0.0,496.24626088142395,13
915,0.3,128,50,3,0.4,selu,zero,,0.6125768885202847,0.23489168290906573,407.7123861312866,13
