iteration,test_split,batch,epoch,layer,stateful,dropout,activation,initializer,rmse,accuracy,f_score,time_train,lag
0,0.2,32,50,1,False,0,selu,glorot_normal,,0.6364132750905604,0.6262941076212245,140.9085340499878,13
1,0.2,32,50,1,False,0,selu,uniform,,0.6521281696143193,0.6354501215414846,125.72322487831116,13
2,0.2,32,50,1,False,0,selu,normal,,0.6433518005540169,0.6345219756127022,120.40168881416321,13
3,0.2,32,50,1,False,0.2,selu,glorot_normal,,0.6383576603451949,0.6302617475778677,142.36712980270386,13
4,0.2,32,50,1,False,0.2,selu,uniform,,0.6330572128702322,0.6248960803351783,124.06636595726013,13
5,0.2,32,50,1,False,0.2,selu,normal,,0.6317787129767742,0.6236374848085341,123.72113990783691,13
6,0.2,32,50,1,False,0.4,selu,glorot_normal,,0.6318453015128916,0.6236976457588957,135.84665513038635,13
7,0.2,32,50,1,False,0.4,selu,uniform,,0.6370525250372896,0.6285032960658055,123.65006375312805,13
8,0.2,32,50,1,False,0.4,selu,normal,,0.6326576816535271,0.6244461569449249,123.49303889274597,13
9,0.2,32,50,2,False,0,selu,glorot_normal,,0.6419134881738762,0.6316006034621795,250.35517764091492,13
10,0.2,32,50,2,False,0,selu,uniform,,0.6392366290219479,0.6298883213026103,222.78082084655762,13
11,0.2,32,50,2,False,0,selu,normal,,0.6364265927977839,0.6268362023437032,221.85943794250488,13
12,0.2,32,50,2,False,0.2,selu,glorot_normal,,0.6371857021095246,0.6290161338871897,254.70226383209229,13
13,0.2,32,50,2,False,0.2,selu,uniform,,0.6342025356914557,0.6259995273063965,228.7525532245636,13
14,0.2,32,50,2,False,0.2,selu,normal,,0.6350815043682081,0.6268677541889991,228.0381760597229,13
15,0.2,32,50,2,False,0.4,selu,glorot_normal,,0.6319385254634563,0.6236257087895547,248.9784119129181,13
16,0.2,32,50,2,False,0.4,selu,uniform,,0.6336698274025147,0.6254170161841089,227.77474188804626,13
17,0.2,32,50,2,False,0.4,selu,normal,,0.6319385254634563,0.6236257087895547,227.5912754535675,13
18,0.2,32,50,3,False,0,selu,glorot_normal,,0.6408613893032175,0.6318657769483461,346.7977864742279,13
19,0.2,32,50,3,False,0,selu,uniform,,0.6370791604517363,0.6274921419490728,311.9882128238678,13
20,0.2,32,50,3,False,0,selu,normal,,0.6432053057745581,0.6315253129462223,310.56796431541443,13
21,0.2,32,50,3,False,0.2,selu,glorot_normal,,0.6317254421478803,0.6234701805528876,351.4121630191803,13
22,0.2,32,50,3,False,0.2,selu,uniform,,0.6326576816535265,0.6244261130755804,316.3896059989929,13
23,0.2,32,50,3,False,0.2,selu,normal,,0.6332836138930326,0.6250472954468194,316.29239416122437,13
24,0.2,32,50,3,False,0.4,selu,glorot_normal,,0.6333768378435969,0.6251015982029662,343.1383674144745,13
25,0.2,32,50,3,False,0.4,selu,uniform,,0.6319385254634563,0.6236257087895547,317.22005009651184,13
26,0.2,32,50,3,False,0.4,selu,normal,,0.636013743873855,0.6278129266875105,317.37771677970886,13
27,0.2,32,50,1,False,0,tanh,glorot_normal,,0.6411410611549118,0.6316579845464316,143.3005690574646,13
28,0.2,32,50,1,False,0,tanh,uniform,,0.6411277434476881,0.6242685821636801,120.87433338165283,13
29,0.2,32,50,1,False,0,tanh,normal,,0.6408613893032177,0.6295956473263201,121.15601515769958,13
30,0.2,32,50,1,False,0.2,tanh,glorot_normal,,0.6377849989345833,0.6296305595843903,146.30060052871704,13
31,0.2,32,50,1,False,0.2,tanh,uniform,,0.635108139782655,0.6266411511281773,123.35876560211182,13
32,0.2,32,50,1,False,0.2,tanh,normal,,0.6348284679309613,0.6266378232287025,123.51363158226013,13
33,0.2,32,50,1,False,0.4,tanh,glorot_normal,,0.631978478585127,0.6236759500565721,138.43544268608093,13
34,0.2,32,50,1,False,0.4,tanh,uniform,,0.6333235670147033,0.6251025640842132,123.33562707901001,13
35,0.2,32,50,1,False,0.4,tanh,normal,,0.6348417856381845,0.6266133679962522,123.30061078071594,13
36,0.2,32,50,2,False,0,tanh,glorot_normal,,0.6420733006605579,0.6334015657538771,253.4021656513214,13
37,0.2,32,50,2,False,0,tanh,uniform,,0.6376651395695724,0.627857503395702,222.29069590568542,13
38,0.2,32,50,2,False,0,tanh,normal,,0.6446702535691455,0.6354044030938015,222.60277128219604,13
39,0.2,32,50,2,False,0.2,tanh,glorot_normal,,0.6335632857447265,0.6253454109802811,258.98245000839233,13
40,0.2,32,50,2,False,0.2,tanh,uniform,,0.6352413168548899,0.6270381603876498,226.94769597053528,13
41,0.2,32,50,2,False,0.2,tanh,normal,,0.6360270615810786,0.6277799695359955,226.90663957595825,13
42,0.2,32,50,2,False,0.4,tanh,glorot_normal,,0.6319385254634563,0.6236257087895547,249.58521389961243,13
43,0.2,32,50,2,False,0.4,tanh,uniform,,0.6334034732580441,0.6251490582127159,226.5457456111908,13
44,0.2,32,50,2,False,0.4,tanh,normal,,0.6324179629235032,0.6241300501889683,226.61907958984375,13
45,0.2,32,50,3,False,0,tanh,glorot_normal,,0.6401955039420409,0.6307024620456803,351.7378692626953,13
46,0.2,32,50,3,False,0,tanh,uniform,,0.6356941189004902,0.6266971455921798,312.2965614795685,13
47,0.2,32,50,3,False,0,tanh,normal,,0.6389702748774769,0.6297093318287311,312.51496863365173,13
48,0.2,32,50,3,False,0.2,tanh,glorot_normal,,0.6344156190070318,0.6261939766449485,360.15483236312866,13
49,0.2,32,50,3,False,0.2,tanh,uniform,,0.6324179629235035,0.6241699649810758,319.38440918922424,13
50,0.2,32,50,3,False,0.2,tanh,normal,,0.6334833795013853,0.6252332205032994,319.35644698143005,13
51,0.2,32,50,3,False,0.4,tanh,glorot_normal,,0.6339628169614322,0.6257166834226818,350.9515595436096,13
52,0.2,32,50,3,False,0.4,tanh,uniform,,0.6319385254634563,0.6236257087895547,321.62838912010193,13
53,0.2,32,50,3,False,0.4,tanh,normal,,0.6333768378435969,0.6251015982029662,321.2781352996826,13
54,0.2,32,50,1,False,0,sigmoid,glorot_normal,,0.3428910078840828,0.2481446113382227,149.20895981788635,13
55,0.2,32,50,1,False,0,sigmoid,uniform,,0.3428910078840828,0.2481446113382227,122.68135333061218,13
56,0.2,32,50,1,False,0,sigmoid,normal,,0.3428910078840828,0.2481446113382227,122.65563559532166,13
57,0.2,32,50,1,False,0.2,sigmoid,glorot_normal,,0.3428910078840828,0.2481446113382227,152.7309582233429,13
58,0.2,32,50,1,False,0.2,sigmoid,uniform,,0.3428910078840828,0.2481446113382227,125.79629731178284,13
59,0.2,32,50,1,False,0.2,sigmoid,normal,,0.3428910078840828,0.2481446113382227,125.99953937530518,13
60,0.2,32,50,1,False,0.4,sigmoid,glorot_normal,,0.3428910078840828,0.2481446113382227,142.07958054542542,13
61,0.2,32,50,1,False,0.4,sigmoid,uniform,,0.3428910078840828,0.2481446113382227,124.98593139648438,13
62,0.2,32,50,1,False,0.4,sigmoid,normal,,0.3428910078840828,0.2481446113382227,124.65564346313477,13
63,0.2,32,50,2,False,0,sigmoid,glorot_normal,,0.3428910078840828,0.2481446113382227,259.948575258255,13
64,0.2,32,50,2,False,0,sigmoid,uniform,,0.3428910078840828,0.2481446113382227,224.77780413627625,13
65,0.2,32,50,2,False,0,sigmoid,normal,,0.3428910078840828,0.2481446113382227,225.2802574634552,13
66,0.2,32,50,2,False,0.2,sigmoid,glorot_normal,,0.3428910078840828,0.2481446113382227,265.2690267562866,13
67,0.2,32,50,2,False,0.2,sigmoid,uniform,,0.3428910078840828,0.2481446113382227,229.68710947036743,13
68,0.2,32,50,2,False,0.2,sigmoid,normal,,0.3428910078840828,0.2481446113382227,229.66974353790283,13
69,0.2,32,50,2,False,0.4,sigmoid,glorot_normal,,0.3428910078840828,0.2481446113382227,255.96534419059753,13
70,0.2,32,50,2,False,0.4,sigmoid,uniform,,0.3428910078840828,0.2481446113382227,229.93192315101624,13
71,0.2,32,50,2,False,0.4,sigmoid,normal,,0.3428910078840828,0.2481446113382227,230.2983856201172,13
72,0.2,32,50,3,False,0,sigmoid,glorot_normal,,0.3428910078840828,0.2481446113382227,358.2872142791748,13
73,0.2,32,50,3,False,0,sigmoid,uniform,,0.3428910078840828,0.2481446113382227,315.62297010421753,13
74,0.2,32,50,3,False,0,sigmoid,normal,,0.3428910078840828,0.2481446113382227,315.389377117157,13
75,0.2,32,50,3,False,0.2,sigmoid,glorot_normal,,0.3428910078840828,0.2481446113382227,367.26336431503296,13
76,0.2,32,50,3,False,0.2,sigmoid,uniform,,0.3428910078840828,0.2481446113382227,321.50775241851807,13
77,0.2,32,50,3,False,0.2,sigmoid,normal,,0.3428910078840828,0.2481446113382227,322.0495071411133,13
78,0.2,32,50,3,False,0.4,sigmoid,glorot_normal,,0.3428910078840828,0.2481446113382227,354.42179226875305,13
79,0.2,32,50,3,False,0.4,sigmoid,uniform,,0.3428910078840828,0.2481446113382227,321.5147602558136,13
80,0.2,32,50,3,False,0.4,sigmoid,normal,,0.3428910078840828,0.2481446113382227,322.0457410812378,13
81,0.2,64,50,1,False,0,selu,glorot_normal,,0.6414207330066056,0.6204970211643586,133.52755498886108,13
82,0.2,64,50,1,False,0,selu,uniform,,0.6421132537822287,0.6311113601510183,98.25285243988037,13
83,0.2,64,50,1,False,0,selu,normal,,0.6392765821436178,0.6298458156392989,98.140145778656,13
84,0.2,64,50,1,False,0.2,selu,glorot_normal,,0.6355076709993611,0.6251162048363538,137.78468418121338,13
85,0.2,64,50,1,False,0.2,selu,uniform,,0.6349216918815257,0.6259594852690733,102.01519560813904,13
86,0.2,64,50,1,False,0.2,selu,normal,,0.6331104836991263,0.6242415488838519,101.99951505661011,13
87,0.2,64,50,1,False,0.4,selu,glorot_normal,,0.6325644577029623,0.6243557289769749,125.43324065208435,13
88,0.2,64,50,1,False,0.4,selu,uniform,,0.63335020242915,0.6251286107019575,101.39441704750061,13
89,0.2,64,50,1,False,0.4,selu,normal,,0.6319518431706802,0.6237241171008447,101.39019227027893,13
90,0.2,64,50,2,False,0,selu,glorot_normal,,0.634122629448114,0.6241760453592713,207.93692088127136,13
91,0.2,64,50,2,False,0,selu,uniform,,0.6388504155124654,0.6299766020887952,161.88255286216736,13
92,0.2,64,50,2,False,0,selu,normal,,0.6442707223524395,0.6345266195216258,162.06333708763123,13
93,0.2,64,50,2,False,0.2,selu,glorot_normal,,0.6372123375239717,0.6290323215494155,208.64750790596008,13
94,0.2,64,50,2,False,0.2,selu,uniform,,0.6359072022160664,0.6277378738438851,163.06943488121033,13
95,0.2,64,50,2,False,0.2,selu,normal,,0.6318053483912209,0.62351263104963,162.68674111366272,13
96,0.2,64,50,2,False,0.4,selu,glorot_normal,,0.6319385254634563,0.6236257087895547,193.2624592781067,13
97,0.2,64,50,2,False,0.4,selu,uniform,,0.6319917962923501,0.6236979919396591,161.31183242797852,13
98,0.2,64,50,2,False,0.4,selu,normal,,0.6319385254634563,0.6236257087895547,161.48362112045288,13
99,0.2,64,50,3,False,0,selu,glorot_normal,,0.6355609418282548,0.6244935962343463,287.0081112384796,13
100,0.2,64,50,3,False,0,selu,uniform,,0.639423076923077,0.6309366276160693,234.74924039840698,13
101,0.2,64,50,3,False,0,selu,normal,,0.641633816322182,0.6305340885213385,234.58114314079285,13
102,0.2,64,50,3,False,0.2,selu,glorot_normal,,0.6332969316002558,0.6250221529796366,295.36828780174255,13
103,0.2,64,50,3,False,0.2,selu,uniform,,0.6331104836991267,0.6248669899385908,241.34813356399536,13
104,0.2,64,50,3,False,0.2,selu,normal,,0.6324712337523973,0.6242370351071083,240.39160895347595,13
105,0.2,64,50,3,False,0.4,selu,glorot_normal,,0.6319385254634563,0.6236257087895547,277.8409547805786,13
106,0.2,64,50,3,False,0.4,selu,uniform,,0.6319385254634563,0.6236257087895547,240.1805477142334,13
107,0.2,64,50,3,False,0.4,selu,normal,,0.6319385254634563,0.6236257087895547,239.9859790802002,13
108,0.2,64,50,1,False,0,tanh,glorot_normal,,0.6565363307053055,0.6303032402949246,135.01780080795288,13
109,0.2,64,50,1,False,0,tanh,uniform,,0.6448966545919456,0.626074687712234,99.07778453826904,13
110,0.2,64,50,1,False,0,tanh,normal,,0.6452029618580865,0.636132375809912,99.15669274330139,13
111,0.2,64,50,1,False,0.2,tanh,glorot_normal,,0.6327375878968677,0.6245182317099647,139.32757377624512,13
112,0.2,64,50,1,False,0.2,tanh,uniform,,0.6333235670147029,0.6250476654465406,102.07772421836853,13
113,0.2,64,50,1,False,0.2,tanh,normal,,0.6362934157255492,0.628136340555683,102.00767660140991,13
114,0.2,64,50,1,False,0.4,tanh,glorot_normal,,0.6319385254634563,0.6236257087895547,127.0317313671112,13
115,0.2,64,50,1,False,0.4,tanh,uniform,,0.6329773066268914,0.6247161474768137,101.97066807746887,13
116,0.2,64,50,1,False,0.4,tanh,normal,,0.6319385254634563,0.6236257087895547,102.03322529792786,13
117,0.2,64,50,2,False,0,tanh,glorot_normal,,0.638890368634136,0.63013936597525,211.27917385101318,13
118,0.2,64,50,2,False,0,tanh,uniform,,0.6366663115278071,0.627604825903243,162.60865998268127,13
119,0.2,64,50,2,False,0,tanh,normal,,0.6379847645429364,0.6290075729457495,162.66760563850403,13
120,0.2,64,50,2,False,0.2,tanh,glorot_normal,,0.6321782441934796,0.6239218225749749,210.8592381477356,13
121,0.2,64,50,2,False,0.2,tanh,uniform,,0.6332436607713617,0.6250251993449404,162.43156599998474,13
122,0.2,64,50,2,False,0.2,tanh,normal,,0.6344955252503728,0.6262550633768971,162.5981752872467,13
123,0.2,64,50,2,False,0.4,tanh,glorot_normal,,0.6319385254634563,0.6236257087895547,197.87477827072144,13
124,0.2,64,50,2,False,0.4,tanh,uniform,,0.6334567440869382,0.6251997006690491,164.1879518032074,13
125,0.2,64,50,2,False,0.4,tanh,normal,,0.6319385254634563,0.6236257087895547,163.68810939788818,13
126,0.2,64,50,3,False,0,tanh,glorot_normal,,0.640888024717665,0.6317796057357709,290.62239146232605,13
127,0.2,64,50,3,False,0,tanh,uniform,,0.637691774984019,0.6283085454250477,235.09409308433533,13
128,0.2,64,50,3,False,0,tanh,normal,,0.6380646707862773,0.6287956360903802,235.02788710594177,13
129,0.2,64,50,3,False,0.2,tanh,glorot_normal,,0.6352146814404435,0.6269976497907092,299.91182255744934,13
130,0.2,64,50,3,False,0.2,tanh,uniform,,0.634548796079267,0.6263394711423957,241.46693563461304,13
131,0.2,64,50,3,False,0.2,tanh,normal,,0.6322048796079267,0.6239341252821831,242.38924884796143,13
132,0.2,64,50,3,False,0.4,tanh,glorot_normal,,0.6319385254634563,0.6236257087895547,283.15191197395325,13
133,0.2,64,50,3,False,0.4,tanh,uniform,,0.6319385254634563,0.6236257087895547,241.16108918190002,13
134,0.2,64,50,3,False,0.4,tanh,normal,,0.6325511399957381,0.6242704602092979,241.23114895820618,13
135,0.2,64,50,1,False,0,sigmoid,glorot_normal,,0.3428910078840828,0.2481446113382227,137.1088900566101,13
136,0.2,64,50,1,False,0,sigmoid,uniform,,0.3428910078840828,0.2481446113382227,99.19979166984558,13
137,0.2,64,50,1,False,0,sigmoid,normal,,0.3428910078840828,0.2481446113382227,99.24956130981445,13
138,0.2,64,50,1,False,0.2,sigmoid,glorot_normal,,0.3428910078840828,0.2481446113382227,141.65578317642212,13
139,0.2,64,50,1,False,0.2,sigmoid,uniform,,0.3428910078840828,0.2481446113382227,102.58207702636719,13
140,0.2,64,50,1,False,0.2,sigmoid,normal,,0.3428910078840828,0.2481446113382227,102.62455987930298,13
141,0.2,64,50,1,False,0.4,sigmoid,glorot_normal,,0.3428910078840828,0.2481446113382227,127.41106653213501,13
142,0.2,64,50,1,False,0.4,sigmoid,uniform,,0.3428910078840828,0.2481446113382227,101.79653739929199,13
143,0.2,64,50,1,False,0.4,sigmoid,normal,,0.3428910078840828,0.2481446113382227,102.03085517883301,13
144,0.2,64,50,2,False,0,sigmoid,glorot_normal,,0.3428910078840828,0.2481446113382227,214.11812949180603,13
145,0.2,64,50,2,False,0,sigmoid,uniform,,0.3428910078840828,0.2481446113382227,163.11276078224182,13
146,0.2,64,50,2,False,0,sigmoid,normal,,0.3428910078840828,0.2481446113382227,163.15784668922424,13
147,0.2,64,50,2,False,0.2,sigmoid,glorot_normal,,0.3428910078840828,0.2481446113382227,212.87578177452087,13
148,0.2,64,50,2,False,0.2,sigmoid,uniform,,0.3428910078840828,0.2481446113382227,163.04625535011292,13
149,0.2,64,50,2,False,0.2,sigmoid,normal,,0.3428910078840828,0.2481446113382227,162.84139251708984,13
150,0.2,64,50,2,False,0.4,sigmoid,glorot_normal,,0.3428910078840828,0.2481446113382227,198.95674419403076,13
151,0.2,64,50,2,False,0.4,sigmoid,uniform,,0.3428910078840828,0.2481446113382227,163.65896797180176,13
152,0.2,64,50,2,False,0.4,sigmoid,normal,,0.3428910078840828,0.2481446113382227,163.96237659454346,13
153,0.2,64,50,3,False,0,sigmoid,glorot_normal,,0.3428910078840828,0.2481446113382227,293.31051111221313,13
154,0.2,64,50,3,False,0,sigmoid,uniform,,0.3428910078840828,0.2481446113382227,235.36674284934998,13
155,0.2,64,50,3,False,0,sigmoid,normal,,0.3428910078840828,0.2481446113382227,234.97782516479492,13
156,0.2,64,50,3,False,0.2,sigmoid,glorot_normal,,0.3428910078840828,0.2481446113382227,303.23080110549927,13
157,0.2,64,50,3,False,0.2,sigmoid,uniform,,0.3428910078840828,0.2481446113382227,242.3861541748047,13
158,0.2,64,50,3,False,0.2,sigmoid,normal,,0.3428910078840828,0.2481446113382227,242.84153413772583,13
159,0.2,64,50,3,False,0.4,sigmoid,glorot_normal,,0.3428910078840828,0.2481446113382227,284.3048985004425,13
160,0.2,64,50,3,False,0.4,sigmoid,uniform,,0.3428910078840828,0.2481446113382227,241.8348891735077,13
161,0.2,64,50,3,False,0.4,sigmoid,normal,,0.3428910078840828,0.2481446113382227,242.14489030838013,13
162,0.2,128,50,1,False,0,selu,glorot_normal,,0.6413008736415937,0.6323244226586443,133.58435702323914,13
163,0.2,128,50,1,False,0,selu,uniform,,0.6358139782655016,0.6272048527549408,76.45283913612366,13
164,0.2,128,50,1,False,0,selu,normal,,0.638410931174089,0.6295388134004564,76.4684534072876,13
165,0.2,128,50,1,False,0.2,selu,glorot_normal,,0.6333635201363738,0.625168985399111,135.80952548980713,13
166,0.2,128,50,1,False,0.2,selu,uniform,,0.6357207543149366,0.6274806955788584,78.71842241287231,13
167,0.2,128,50,1,False,0.2,selu,normal,,0.6359737907521841,0.6241072722964468,78.7966480255127,13
168,0.2,128,50,1,False,0.4,selu,glorot_normal,,0.6333368847219264,0.6251454691193468,119.12036561965942,13
169,0.2,128,50,1,False,0.4,selu,uniform,,0.6342158533986794,0.6260368809624703,78.7652485370636,13
170,0.2,128,50,1,False,0.4,selu,normal,,0.6551779245685059,0.6235691542783908,78.7183403968811,13
171,0.2,128,50,2,False,0,selu,glorot_normal,,0.6394230769230771,0.6296362941735079,203.0140335559845,13
172,0.2,128,50,2,False,0,selu,uniform,,0.6348151502237378,0.6255044775567926,134.34316539764404,13
173,0.2,128,50,2,False,0,selu,normal,,0.6332702961858084,0.6231576140666034,134.41955184936523,13
174,0.2,128,50,2,False,0.2,selu,glorot_normal,,0.6352146814404432,0.6270134648973045,201.84285521507263,13
175,0.2,128,50,2,False,0.2,selu,uniform,,0.633989452375879,0.625758470811289,133.51312494277954,13
176,0.2,128,50,2,False,0.2,selu,normal,,0.6320450671212441,0.6238102751701027,133.38700914382935,13
177,0.2,128,50,2,False,0.4,selu,glorot_normal,,0.6351214574898786,0.6268916703115863,184.0031383037567,13
178,0.2,128,50,2,False,0.4,selu,uniform,,0.6319385254634563,0.6236257087895547,133.70480132102966,13
179,0.2,128,50,2,False,0.4,selu,normal,,0.631805348391221,0.6234906420986591,133.89846348762512,13
180,0.2,128,50,3,False,0,selu,glorot_normal,,0.6296212444065624,0.6203799132994297,267.5831642150879,13
181,0.2,128,50,3,False,0,selu,uniform,,0.6413940975921584,0.6321894308249951,190.71783018112183,13
182,0.2,128,50,3,False,0,selu,normal,,0.6349216918815254,0.6251873212650069,190.20499396324158,13
183,0.2,128,50,3,False,0.2,selu,glorot_normal,,0.6322181973151499,0.6239842148569003,275.92699909210205,13
184,0.2,128,50,3,False,0.2,selu,uniform,,0.632151608779033,0.6238885950536972,197.26550483703613,13
185,0.2,128,50,3,False,0.2,selu,normal,,0.6320450671212449,0.6237963158469836,196.639883518219,13
186,0.2,128,50,3,False,0.4,selu,glorot_normal,,0.6458288940975919,0.6234232967230043,255.59442377090454,13
187,0.2,128,50,3,False,0.4,selu,uniform,,0.6319385254634563,0.6236257087895547,196.93385124206543,13
188,0.2,128,50,3,False,0.4,selu,normal,,0.6323114212657148,0.6240215015403479,197.21042323112488,13
189,0.2,128,50,1,False,0,tanh,glorot_normal,,0.6342158533986786,0.6251839430785273,136.10067319869995,13
190,0.2,128,50,1,False,0,tanh,uniform,,0.6368527594289365,0.6286436809584808,77.17818021774292,13
191,0.2,128,50,1,False,0,tanh,normal,,0.6409812486682297,0.632008976656331,76.96591329574585,13
192,0.2,128,50,1,False,0.2,tanh,glorot_normal,,0.6324978691668438,0.6242720158391059,140.45474886894226,13
193,0.2,128,50,1,False,0.2,tanh,uniform,,0.6312726401022805,0.623022672457163,79.0777633190155,13
194,0.2,128,50,1,False,0.2,tanh,normal,,0.6337763690603029,0.6255764491457293,79.0621120929718,13
195,0.2,128,50,1,False,0.4,tanh,glorot_normal,,0.6319385254634563,0.6236257087895547,122.82457113265991,13
196,0.2,128,50,1,False,0.4,tanh,uniform,,0.6319385254634563,0.6236257087895547,79.06213712692261,13
197,0.2,128,50,1,False,0.4,tanh,normal,,0.6326044108246324,0.6243186010763925,79.24169754981995,13
198,0.2,128,50,2,False,0,tanh,glorot_normal,,0.631219369273386,0.6223037851076355,210.69932174682617,13
199,0.2,128,50,2,False,0,tanh,uniform,,0.6343090773492439,0.6236683023791535,135.13631224632263,13
200,0.2,128,50,2,False,0,tanh,normal,,0.6426459620711699,0.6319841891049872,135.17978501319885,13
201,0.2,128,50,2,False,0.2,tanh,glorot_normal,,0.6319385254634563,0.6236257087895547,207.97662568092346,13
202,0.2,128,50,2,False,0.2,tanh,uniform,,0.6341226294481143,0.6258794291339914,134.37444186210632,13
203,0.2,128,50,2,False,0.2,tanh,normal,,0.6325245045812915,0.624274831017745,134.78710842132568,13
204,0.2,128,50,2,False,0.4,tanh,glorot_normal,,0.6319385254634563,0.6236257087895547,188.3709363937378,13
205,0.2,128,50,2,False,0.4,tanh,uniform,,0.6319385254634563,0.6236257087895547,133.93914771080017,13
206,0.2,128,50,2,False,0.4,tanh,normal,,0.6332702961858088,0.6249969821089474,133.95452332496643,13
207,0.2,128,50,3,False,0,tanh,glorot_normal,,0.6367329000639254,0.6278674845306282,272.8214182853699,13
208,0.2,128,50,3,False,0,tanh,uniform,,0.6364931813339015,0.6280653514155657,190.73424887657166,13
209,0.2,128,50,3,False,0,tanh,normal,,0.6367329000639252,0.6272853206580858,190.21798586845398,13
210,0.2,128,50,3,False,0.2,tanh,glorot_normal,,0.6314857234178566,0.6232045261478188,282.80222034454346,13
211,0.2,128,50,3,False,0.2,tanh,uniform,,0.6323913275090564,0.6241215485895287,197.09422659873962,13
212,0.2,128,50,3,False,0.2,tanh,normal,,0.6333502024291496,0.6250745995954349,197.47035121917725,13
213,0.2,128,50,3,False,0.4,tanh,glorot_normal,,0.6319385254634563,0.6236257087895547,260.3854339122772,13
214,0.2,128,50,3,False,0.4,tanh,uniform,,0.6336431919880677,0.6253935647678087,196.4619698524475,13
215,0.2,128,50,3,False,0.4,tanh,normal,,0.6333235670147029,0.625049408861884,196.54430317878723,13
216,0.2,128,50,1,False,0,sigmoid,glorot_normal,,0.3428910078840828,0.2481446113382227,138.41478610038757,13
217,0.2,128,50,1,False,0,sigmoid,uniform,,0.3428910078840828,0.2481446113382227,77.32923865318298,13
218,0.2,128,50,1,False,0,sigmoid,normal,,0.3428910078840828,0.2481446113382227,77.74565005302429,13
219,0.2,128,50,1,False,0.2,sigmoid,glorot_normal,,0.3428910078840828,0.2481446113382227,142.74817442893982,13
220,0.2,128,50,1,False,0.2,sigmoid,uniform,,0.3428910078840828,0.2481446113382227,79.53095197677612,13
221,0.2,128,50,1,False,0.2,sigmoid,normal,,0.3428910078840828,0.2481446113382227,79.71889066696167,13
222,0.2,128,50,1,False,0.4,sigmoid,glorot_normal,,0.3428910078840828,0.2481446113382227,124.65579867362976,13
223,0.2,128,50,1,False,0.4,sigmoid,uniform,,0.3428910078840828,0.2481446113382227,79.40602731704712,13
224,0.2,128,50,1,False,0.4,sigmoid,normal,,0.3428910078840828,0.2481446113382227,79.54240703582764,13
225,0.2,128,50,2,False,0,sigmoid,glorot_normal,,0.3428910078840828,0.2481446113382227,213.56170439720154,13
226,0.2,128,50,2,False,0,sigmoid,uniform,,0.3428910078840828,0.2481446113382227,135.59207558631897,13
227,0.2,128,50,2,False,0,sigmoid,normal,,0.3428910078840828,0.2481446113382227,135.68842959403992,13
228,0.2,128,50,2,False,0.2,sigmoid,glorot_normal,,0.3428910078840828,0.2481446113382227,210.31635069847107,13
229,0.2,128,50,2,False,0.2,sigmoid,uniform,,0.3428910078840828,0.2481446113382227,134.5306842327118,13
230,0.2,128,50,2,False,0.2,sigmoid,normal,,0.3428910078840828,0.2481446113382227,134.6799156665802,13
231,0.2,128,50,2,False,0.4,sigmoid,glorot_normal,,0.3428910078840828,0.2481446113382227,191.17115330696106,13
232,0.2,128,50,2,False,0.4,sigmoid,uniform,,0.3428910078840828,0.2481446113382227,134.59350085258484,13
233,0.2,128,50,2,False,0.4,sigmoid,normal,,0.3428910078840828,0.2481446113382227,134.78064107894897,13
234,0.2,128,50,3,False,0,sigmoid,glorot_normal,,0.3428910078840828,0.2481446113382227,276.6182630062103,13
235,0.2,128,50,3,False,0,sigmoid,uniform,,0.3428910078840828,0.2481446113382227,194.03373646736145,13
236,0.2,128,50,3,False,0,sigmoid,normal,,0.3428910078840828,0.2481446113382227,191.42705488204956,13
237,0.2,128,50,3,False,0.2,sigmoid,glorot_normal,,0.3428910078840828,0.2481446113382227,286.5305676460266,13
238,0.2,128,50,3,False,0.2,sigmoid,uniform,,0.3428910078840828,0.2481446113382227,197.81199264526367,13
239,0.2,128,50,3,False,0.2,sigmoid,normal,,0.3428910078840828,0.2481446113382227,197.5888593196869,13
240,0.2,128,50,3,False,0.4,sigmoid,glorot_normal,,0.3428910078840828,0.2481446113382227,263.36856055259705,13
241,0.2,128,50,3,False,0.4,sigmoid,uniform,,0.3428910078840828,0.2481446113382227,197.0223252773285,13
242,0.2,128,50,3,False,0.4,sigmoid,normal,,0.3428910078840828,0.2481446113382227,197.72730708122253,13
243,0.2,32,100,1,False,0,selu,glorot_normal,,0.6490517792456852,0.6290825290507375,266.5023949146271,13
244,0.2,32,100,1,False,0,selu,uniform,,0.6400889622842533,0.6281203015892036,227.7798297405243,13
245,0.2,32,100,1,False,0,selu,normal,,0.6436314724057111,0.6340752995314697,226.73343229293823,13
246,0.2,32,100,1,False,0.2,selu,glorot_normal,,0.6375319624973365,0.6294311921364069,273.48480463027954,13
247,0.2,32,100,1,False,0.2,selu,uniform,,0.6535531642872368,0.6150549921718582,232.77604365348816,13
248,0.2,32,100,1,False,0.2,selu,normal,,0.6360270615810781,0.6276215552565575,233.18900775909424,13
249,0.2,32,100,1,False,0.4,selu,glorot_normal,,0.6316189004900918,0.6233457382949773,259.64461398124695,13
250,0.2,32,100,1,False,0.4,selu,uniform,,0.635867249094396,0.6276500731414475,231.05905151367188,13
251,0.2,32,100,1,False,0.4,selu,normal,,0.6318186660984446,0.6235573799766037,231.4580488204956,13
252,0.2,32,100,2,False,0,selu,glorot_normal,,0.6432452588962291,0.6330539970743547,459.17830204963684,13
253,0.2,32,100,2,False,0,selu,uniform,,0.6397160664819946,0.6312555448860495,408.2381582260132,13
254,0.2,32,100,2,False,0,selu,normal,,0.6364399105050078,0.6275066833423518,409.14988803863525,13
255,0.2,32,100,2,False,0.2,selu,glorot_normal,,0.6321516087790331,0.6238872306346049,473.31636214256287,13
256,0.2,32,100,2,False,0.2,selu,uniform,,0.6413408267632641,0.550967069132385,419.98591780662537,13
257,0.2,32,100,2,False,0.2,selu,normal,,0.6334434263797144,0.6251741593655469,419.020840883255,13
258,0.2,32,100,2,False,0.4,selu,glorot_normal,,0.6333235670147029,0.625049408861884,454.90058636665344,13
259,0.2,32,100,2,False,0.4,selu,uniform,,0.6347086085659496,0.6264899646032024,417.28408193588257,13
260,0.2,32,100,2,False,0.4,selu,normal,,0.6333368847219263,0.6250783405529486,416.21027636528015,13
261,0.2,32,100,3,False,0,selu,glorot_normal,,0.6405151289154059,0.6221725984513474,635.7750844955444,13
262,0.2,32,100,3,False,0,selu,uniform,,0.6485590240784145,0.639995357619947,573.9928250312805,13
263,0.2,32,100,3,False,0,selu,normal,,0.6473337950138505,0.6360199211026721,574.2153313159943,13
264,0.2,32,100,3,False,0.2,selu,glorot_normal,,0.6334833795013858,0.6252496805904543,643.2003765106201,13
265,0.2,32,100,3,False,0.2,selu,uniform,,0.634602066908161,0.6264086923622172,576.6997311115265,13
266,0.2,32,100,3,False,0.2,selu,normal,,0.6334301086724914,0.6251801233895632,577.658923625946,13
267,0.2,32,100,3,False,0.4,selu,glorot_normal,,0.6333768378435969,0.6251015982029662,624.6178393363953,13
268,0.2,32,100,3,False,0.4,selu,uniform,,0.6326709993607504,0.6243979449979636,578.5484418869019,13
269,0.2,32,100,3,False,0.4,selu,normal,,0.6319385254634563,0.6236257087895547,578.6698639392853,13
270,0.2,32,100,1,False,0,tanh,glorot_normal,,0.6422730662689115,0.6310419524465177,274.5008840560913,13
271,0.2,32,100,1,False,0,tanh,uniform,,0.6409945663754529,0.6320316162804627,230.764408826828,13
272,0.2,32,100,1,False,0,tanh,normal,,0.6400490091625824,0.6285303936237001,228.15742707252502,13
273,0.2,32,100,1,False,0.2,tanh,glorot_normal,,0.6370924781589602,0.628918698111422,279.123877286911,13
274,0.2,32,100,1,False,0.2,tanh,uniform,,0.6374653739612193,0.6292143687560207,235.37374544143677,13
275,0.2,32,100,1,False,0.2,tanh,normal,,0.6327509056040913,0.6245779517166842,235.54479241371155,13
276,0.2,32,100,1,False,0.4,tanh,glorot_normal,,0.6321382910718091,0.6238454680818722,268.5771691799164,13
277,0.2,32,100,1,False,0.4,tanh,uniform,,0.6328707649691031,0.6246289310743283,238.3482460975647,13
278,0.2,32,100,1,False,0.4,tanh,normal,,0.6321516087790333,0.6239619150396168,238.80546355247498,13
279,0.2,32,100,2,False,0,tanh,glorot_normal,,0.6353878116343492,0.6269366218746346,474.3576822280884,13
280,0.2,32,100,2,False,0,tanh,uniform,,0.6363067334327719,0.6277220806287435,416.1272542476654,13
281,0.2,32,100,2,False,0,tanh,normal,,0.6417936288088645,0.63060916823224,416.4632828235626,13
282,0.2,32,100,2,False,0.2,tanh,glorot_normal,,0.6332170253569146,0.6250048012628898,485.58425283432007,13
283,0.2,32,100,2,False,0.2,tanh,uniform,,0.6371057958661839,0.628821760663646,425.32138872146606,13
284,0.2,32,100,2,False,0.2,tanh,normal,,0.6362934157255489,0.6281048546198988,424.76837849617004,13
285,0.2,32,100,2,False,0.4,tanh,glorot_normal,,0.6319385254634563,0.6236257087895547,460.62615513801575,13
286,0.2,32,100,2,False,0.4,tanh,uniform,,0.6323646920946091,0.6240831177773954,418.2353162765503,13
287,0.2,32,100,2,False,0.4,tanh,normal,,0.6320184317067975,0.6237118785761716,418.9035077095032,13
288,0.2,32,100,3,False,0,tanh,glorot_normal,,0.6348417856381848,0.625439672142228,645.9399104118347,13
289,0.2,32,100,3,False,0,tanh,uniform,,0.6385441082463249,0.6296798756435233,578.2196836471558,13
290,0.2,32,100,3,False,0,tanh,normal,,0.6389170040485828,0.6293671516174606,577.6007807254791,13
291,0.2,32,100,3,False,0.2,tanh,glorot_normal,,0.6350948220754316,0.6269250456512804,654.7667624950409,13
292,0.2,32,100,3,False,0.2,tanh,uniform,,0.6331770722352438,0.6249614879316111,581.1434082984924,13
293,0.2,32,100,3,False,0.2,tanh,normal,,0.6363600042616663,0.6281771501100597,581.9706716537476,13
294,0.2,32,100,3,False,0.4,tanh,glorot_normal,,0.6331371191135734,0.6248853248204707,634.407598733902,13
295,0.2,32,100,3,False,0.4,tanh,uniform,,0.6347618793948435,0.6265215469997794,584.1023659706116,13
296,0.2,32,100,3,False,0.4,tanh,normal,,0.6319385254634563,0.6236257087895547,585.6009755134583,13
297,0.2,32,100,1,False,0,sigmoid,glorot_normal,,0.3428910078840828,0.2481446113382227,284.5888226032257,13
298,0.2,32,100,1,False,0,sigmoid,uniform,,0.3428910078840828,0.2481446113382227,238.32934188842773,13
299,0.2,32,100,1,False,0,sigmoid,normal,,0.3428910078840828,0.2481446113382227,239.7811155319214,13
300,0.2,32,100,1,False,0.2,sigmoid,glorot_normal,,0.3428910078840828,0.2481446113382227,301.10429668426514,13
301,0.2,32,100,1,False,0.2,sigmoid,uniform,,0.3428910078840828,0.2481446113382227,245.83838987350464,13
302,0.2,32,100,1,False,0.2,sigmoid,normal,,0.3428910078840828,0.2481446113382227,248.15485525131226,13
303,0.2,32,100,1,False,0.4,sigmoid,glorot_normal,,0.3428910078840828,0.2481446113382227,280.04008173942566,13
304,0.2,32,100,1,False,0.4,sigmoid,uniform,,0.3428910078840828,0.2481446113382227,242.861643075943,13
305,0.2,32,100,1,False,0.4,sigmoid,normal,,0.3428910078840828,0.2481446113382227,244.0434329509735,13
306,0.2,32,100,2,False,0,sigmoid,glorot_normal,,0.3428910078840828,0.2481446113382227,493.2951738834381,13
307,0.2,32,100,2,False,0,sigmoid,uniform,,0.3428910078840828,0.2481446113382227,426.7536418437958,13
308,0.2,32,100,2,False,0,sigmoid,normal,,0.3428910078840828,0.2481446113382227,433.6124668121338,13
309,0.2,32,100,2,False,0.2,sigmoid,glorot_normal,,0.3428910078840828,0.2481446113382227,512.8402080535889,13
310,0.2,32,100,2,False,0.2,sigmoid,uniform,,0.3428910078840828,0.2481446113382227,437.40191411972046,13
311,0.2,32,100,2,False,0.2,sigmoid,normal,,0.3428910078840828,0.2481446113382227,431.7738175392151,13
312,0.2,32,100,2,False,0.4,sigmoid,glorot_normal,,0.3428910078840828,0.2481446113382227,481.6525661945343,13
313,0.2,32,100,2,False,0.4,sigmoid,uniform,,0.3428910078840828,0.2481446113382227,445.0095899105072,13
314,0.2,32,100,2,False,0.4,sigmoid,normal,,0.3428910078840828,0.2481446113382227,449.0509240627289,13
315,0.2,32,100,3,False,0,sigmoid,glorot_normal,,0.3428910078840828,0.2481446113382227,747.6391866207123,13
316,0.2,32,100,3,False,0,sigmoid,uniform,,0.3428910078840828,0.2481446113382227,798.9325697422028,13
317,0.2,32,100,3,False,0,sigmoid,normal,,0.3428910078840828,0.2481446113382227,724.2829329967499,13
318,0.2,32,100,3,False,0.2,sigmoid,glorot_normal,,0.3428910078840828,0.2481446113382227,770.4241597652435,13
319,0.2,32,100,3,False,0.2,sigmoid,uniform,,0.3428910078840828,0.2481446113382227,702.5185058116913,13
320,0.2,32,100,3,False,0.2,sigmoid,normal,,0.3428910078840828,0.2481446113382227,678.3012504577637,13
321,0.2,32,100,3,False,0.4,sigmoid,glorot_normal,,0.3428910078840828,0.2481446113382227,739.0669629573822,13
