566,2634225673,1,gyqkrz4r79a2t,82777415,1,ALL_ROWS,2537082850,77200,1,1,,,,3506479129105524648,0,SYS,0,0,0,1,1,1,1,1,1,0,0,1,1,0,0,1,1,15,15,324,324,1,1,22623,22623,23518,23518,111,111,0,0,0,0,0,0,0,0,0,0,0,0,0,0,122880,122880,15,15,122880,122880,0,0,0,0,0,0,0,0,0,0,,,2634225673,0,2018-09-16 15:58:47,2018-09-16 15:58:47,2018-09-16 15:58:48.497000,0:00:00.500000,1,0,1,2:00:00
566,2634225673,1,gx4mv66pvj3xz,4120883053,2,CHOOSE,2075687385,29121,1,2,,,,13565288442801506957,0,SYS,0,762,762,104,104,0,0,104,104,0,0,1,1,0,0,3,3,5,5,1524,1524,658,658,5007,5007,4625,4625,33,33,0,0,0,0,0,0,0,0,0,0,0,0,0,0,40960,40960,5,5,40960,40960,0,0,0,0,0,0,0,0,0,0,b'\xbe\xda\x0c\x10\x02\x00[\x9ea\x98\x00\x01\x01\xc0\x02\x16\x02\xc2\x02',,2634225673,0,2018-09-16 15:58:47,2018-09-16 15:58:47,2018-09-16 15:58:48.497000,0:00:00.500000,1,0,1,2:00:00
566,2634225673,1,gx4mv66pvj3xz,2570921597,2,CHOOSE,1633746601,29121,1,2,,,,13565288442801506957,0,SYS,0,203,203,39,39,0,0,39,39,0,0,2,2,1,1,0,0,2,2,299,299,164,164,998,998,1714,1714,13,13,0,0,0,0,0,0,0,0,0,0,0,0,0,0,16384,16384,2,2,16384,16384,0,0,0,0,0,0,0,0,0,0,b'\xbe\xda\x0c\x10\x02\x00[\x9ea\x97\x00\x01\x01\xc0\x02\x16\x04\xc3\x02\x08\x0c',,2634225673,0,2018-09-16 15:58:47,2018-09-16 15:58:47,2018-09-16 15:58:48.497000,0:00:00.500000,1,0,1,2:00:00
566,2634225673,1,gwg69nz9j8vvb,3102754926,1,ALL_ROWS,2537082850,40073,1,1,,,,12580630483513796792,0,SYS,0,0,0,1,1,0,0,1,1,0,0,1,1,0,0,1,1,60,60,1340,1340,770,770,19280,19280,107583,107583,89090,89090,0,0,0,0,0,0,0,0,0,0,0,0,0,0,491520,491520,60,60,491520,491520,0,0,0,0,0,0,0,0,0,0,,,2634225673,0,2018-09-16 15:58:47,2018-09-16 15:58:47,2018-09-16 15:58:48.497000,0:00:00.500000,1,0,1,2:00:00
566,2634225673,1,grzuvf0hjxt1f,108095504,2,CHOOSE,1633746601,37106,2,2,,,,8000200179208595139,0,SYS,0,3,3,3,3,0,0,3,3,0,0,2,2,0,0,3,3,2,2,33,33,3,3,1000,1000,1367,1367,14,14,0,0,0,0,0,0,0,0,0,0,0,0,0,0,16384,16384,2,2,16384,16384,0,0,0,0,0,0,0,0,0,0,b'\xbe\xda\x0c\x10\x02\x00[\x9ea\x98\x00\x01\x01\xc0\x02\x16\x03\xc2@5',,2634225673,0,2018-09-16 15:58:47,2018-09-16 15:58:47,2018-09-16 15:58:48.497000,0:00:00.500000,1,0,1,2:00:00
566,2634225673,1,grwydz59pu6mc,3684871272,1,CHOOSE,2035934494,29030,2,2,,,,9832334080088090732,0,SYS,0,21,21,21,21,0,0,21,21,0,0,3,3,1,1,21,21,2,2,44,44,21,21,1804,1804,1449,1449,11,11,0,0,0,0,0,0,0,0,0,0,0,0,0,0,16384,0,2,0,16384,0,0,0,0,0,0,0,0,0,0,0,,,2634225673,0,2018-09-16 15:58:47,2018-09-16 15:58:47,2018-09-16 15:58:48.497000,0:00:00.500000,1,0,1,2:00:00
566,2634225673,1,gngtvs38t0060,3679945446,6,CHOOSE,3316887484,72668,1,1,sqlplus@cisk.rs2.com (TNS V1-V3),,,15217364541437386770,0,SYS,0,31,31,31,31,31,31,31,31,0,0,1,1,0,0,31,31,6,6,260,260,0,0,8488,8488,6872,6872,40,40,0,0,0,0,0,0,0,0,0,0,0,0,0,0,49152,49152,6,6,49152,49152,0,0,0,0,0,0,0,0,0,0,b'\xbe\xda\x0c\x10\x02\x00[\x9ea\x98\x00\x02\x03\xc0\x02\x16\x04\xc3\x02#W\xc0\x02\x16\x04\xc3\x02#W',,2634225673,0,2018-09-16 15:58:47,2018-09-16 15:58:47,2018-09-16 15:58:48.497000,0:00:00.500000,1,0,1,2:00:00
566,2634225673,1,gd28w82ct6rva,2970138452,2,CHOOSE,2075687385,37064,2,2,,,,17301900507670644855,0,SYS,0,255,255,0,0,0,0,255,255,0,0,3,3,1,1,5,5,0,0,798,798,255,255,5002,5002,3703,3703,0,0,0,0,0,0,0,0,0,0,0,0,0,0,0,0,0,0,0,0,0,0,0,0,0,0,0,0,0,0,0,0,b'\xbe\xda\x0c\x10\x02\x00[\x9ea\x98\x00\x01\x01\xc0\x02\x16\x03\xc2R/',,2634225673,0,2018-09-16 15:58:47,2018-09-16 15:58:47,2018-09-16 15:58:48.497000,0:00:00.500000,1,0,1,2:00:00
566,2634225673,1,gac15vmmrzgbv,3362549386,1,CHOOSE,1616013103,70106,2,2,,,,13724472608906457170,0,SYS,0,45,45,45,45,0,0,45,45,0,0,2,2,0,0,45,45,6,6,171,171,39,39,6957,6957,3998,3998,43,43,0,0,0,0,0,0,0,0,0,0,0,0,0,0,49152,40960,6,5,49152,40960,0,0,0,0,0,0,0,0,0,0,b'\xbe\xda\x0c\x10\x02\x00[\x9ea\x98\x00\x01\x01\xc0\x02\x16\x03\xc2S_',,2634225673,0,2018-09-16 15:58:47,2018-09-16 15:58:47,2018-09-16 15:58:48.497000,0:00:00.500000,1,0,1,2:00:00
566,2634225673,1,ga9j9xk5cy9s0,1697022209,3,CHOOSE,3316887484,23557,1,1,,,,1732549867927898389,0,SYS,0,161,161,68,68,0,0,68,68,0,0,1,1,0,0,68,68,59,59,484,484,93,93,6988,6988,4161,4161,388,388,0,0,0,0,0,0,0,0,0,0,0,0,0,0,483328,483328,59,59,483328,483328,0,0,0,0,0,0,0,0,0,0,b'\xbe\xda\x0c\x10\x02\x00[\x9ea\x98\x00\x03\x07\xc0\x02\x16\x04\xc3\x02#W\xc0\x02\x16\x01\x80\xc0\x02\x16\x06\xc5\x03\x02!B]',,2634225673,0,2018-09-16 15:58:47,2018-09-16 15:58:47,2018-09-16 15:58:48.497000,0:00:00.500000,1,0,1,2:00:00
566,2634225673,1,g9pu3v9m3q9zm,1565558606,47,ALL_ROWS,2537082850,211770,1,1,,,,9270405800480343677,0,SYS,0,0,0,1,1,0,0,1,1,0,0,1,1,0,0,1,1,18,18,699,699,0,0,26761,26761,26811,26811,127,127,0,0,0,0,0,0,0,0,0,0,0,0,0,0,147456,147456,18,18,147456,147456,0,0,0,0,0,0,0,0,0,0,b'\xbe\xda\x0c\x10\x02\x00[\x9ea\x99\x00\x03\x07\xc0\x02\x16\x03\xc2\x07\x11\xc0\x02\x16\x06\xc5\x1b#\x179J\x01\x01',,2634225673,0,2018-09-16 15:58:47,2018-09-16 15:58:47,2018-09-16 15:58:48.497000,0:00:00.500000,1,0,1,2:00:00
566,2634225673,1,fvy8ft3z46y6t,3767103925,4,CHOOSE,1633746601,31964,1,1,,,,1501830366671972513,0,SYS,0,1,1,1,1,0,0,1,1,0,0,1,1,0,0,1,1,83,83,790,790,9,9,16773,16773,17517,17517,544,544,0,0,0,0,0,0,0,0,0,0,0,0,0,0,679936,679936,83,83,679936,679936,0,0,0,0,0,0,0,0,0,0,b'\xbe\xda\x0c\x10\x02\x00[\x9ea\x98\x00\x01\x01\xc0\x02\x16\x02\xc1\x02',,2634225673,0,2018-09-16 15:58:47,2018-09-16 15:58:47,2018-09-16 15:58:48.497000,0:00:00.500000,1,0,1,2:00:00
566,2634225673,1,fs4p95w7yg25b,2313771059,2,ALL_ROWS,2537082850,23527,1,1,python3@cisk.rs2.com (TNS V1-V3),,,2090203623146913644,0,SYS,0,11,11,11,11,0,0,11,11,0,0,1,1,0,0,11,11,0,0,44,44,11,11,2001,2001,928,928,0,0,0,0,0,0,0,0,0,0,0,0,0,0,0,0,0,0,0,0,0,0,0,0,0,0,0,0,0,0,0,0,b'\xbe\xda\x0c\x10\x02\x00[\x9ea\x99\x00\x01\x01\xc0\x02\x16\x04\xc3\x0bB\x05',,2634225673,0,2018-09-16 15:58:47,2018-09-16 15:58:47,2018-09-16 15:58:48.497000,0:00:00.500000,1,0,1,2:00:00
566,2634225673,1,fm1gpkftdrr1j,2529664852,1,ALL_ROWS,1189962988,27486,1,1,,,,8671573218277658050,0,SYS,0,1,1,1,1,2,2,1,1,0,0,1,1,0,0,1,1,78,78,863,863,1,1,30485,30485,31096,31096,529,529,0,0,0,0,0,0,0,0,0,0,0,0,0,0,753664,753664,85,85,753664,753664,0,0,0,0,0,0,0,0,0,0,,,2634225673,0,2018-09-16 15:58:47,2018-09-16 15:58:47,2018-09-16 15:58:48.497000,0:00:00.500000,1,0,1,2:00:00
566,2634225673,1,fa5z3v2sfb876,903671040,1,CHOOSE,1616013103,94168,1,1,,,,15624630832008860862,0,SYS,0,0,0,0,0,0,0,0,0,0,0,1,1,0,0,1,1,0,0,7,7,0,0,1999,1999,1657,1657,0,0,0,0,0,0,0,0,0,0,0,0,0,0,0,0,0,0,0,0,0,0,0,0,0,0,0,0,0,0,0,0,,,2634225673,0,2018-09-16 15:58:47,2018-09-16 15:58:47,2018-09-16 15:58:48.497000,0:00:00.500000,1,0,1,2:00:00
566,2634225673,1,f5ra7dru5fk5n,2413855561,36,CHOOSE,1616013103,84289,1,1,,,,516452634368408982,0,SYS,0,8,8,1,1,1,1,1,1,0,0,1,1,0,0,1,1,13,13,137,137,7,7,6608,6608,6750,6750,77,77,0,0,0,0,0,0,0,0,0,0,0,0,0,0,106496,106496,13,13,106496,106496,0,0,0,0,0,0,0,0,0,0,,,2634225673,0,2018-09-16 15:58:47,2018-09-16 15:58:47,2018-09-16 15:58:48.497000,0:00:00.500000,1,0,1,2:00:00
566,2634225673,1,f3g84j69n0tjh,2335623859,2,CHOOSE,2075687385,20920,1,2,,,,7238969627649178054,0,SYS,0,12,12,12,12,0,0,12,12,0,0,1,1,0,0,4,4,1,1,12,12,0,0,0,0,967,967,7,7,0,0,0,0,0,0,0,0,0,0,0,0,0,0,8192,8192,1,1,8192,8192,0,0,0,0,0,0,0,0,0,0,b'\xbe\xda\x0c\x10\x02\x00[\x9ea\x98\x00\x01\x01\xc0\x02\x16\x03\xc2M_',,2634225673,0,2018-09-16 15:58:47,2018-09-16 15:58:47,2018-09-16 15:58:48.497000,0:00:00.500000,1,0,1,2:00:00
566,2634225673,1,f3g84j69n0tjh,914792125,49,CHOOSE,1633746601,20920,1,2,,,,7238969627649178054,0,SYS,0,17,17,17,17,17,17,17,17,0,0,1,1,0,0,1,1,3,3,169,169,0,0,1998,1998,2193,2193,20,20,0,0,0,0,0,0,0,0,0,0,0,0,0,0,24576,24576,3,3,24576,24576,0,0,0,0,0,0,0,0,0,0,b'\xbe\xda\x0c\x10\x02\x00[\x9ea\x97\x00\x01\x01\xc0\x02\x16\x03\xc2\x08\x1c',,2634225673,0,2018-09-16 15:58:47,2018-09-16 15:58:47,2018-09-16 15:58:48.497000,0:00:00.500000,1,0,1,2:00:00
566,2634225673,1,f0nbbn03wx4at,3290949889,4,CHOOSE,3316887484,53503,2,2,,,,13400130670089407856,0,SYS,0,86,86,82,82,82,82,82,82,0,0,2,2,0,0,3,3,18,18,171,171,4,4,3881,3881,3205,3205,106,106,0,0,0,0,0,0,0,0,0,0,0,0,0,0,147456,32768,18,4,147456,32768,0,0,0,0,0,0,0,0,0,0,b'\xbe\xda\x0c\x10\x02\x00[\x9ea\x98\x00\x02\x03\xc0\x02\x16\x04\xc3\x02\x14\\\xc0\x02\x16\x02\xc1T',,2634225673,0,2018-09-16 15:58:47,2018-09-16 15:58:47,2018-09-16 15:58:48.497000,0:00:00.500000,1,0,1,2:00:00
566,2634225673,1,cvnf9c2bfhj9g,2732395834,21,ALL_ROWS,3537174824,274983,1,1,,,,10085003879697297574,0,SYS,0,1,1,1,1,0,0,1,1,0,0,1,1,0,0,1,1,31,31,1091,1091,1,1,51414,51414,53374,53374,220,220,0,0,0,0,1149,1149,0,0,0,0,0,0,0,0,253952,253952,31,31,253952,253952,0,0,0,0,0,0,0,0,0,0,,,2634225673,0,2018-09-16 15:58:47,2018-09-16 15:58:47,2018-09-16 15:58:48.497000,0:00:00.500000,1,0,1,2:00:00
566,2634225673,1,cvn54b7yz0s8u,3246118364,3,CHOOSE,3316887484,23557,1,1,,,,10497382246625953311,0,SYS,0,146,146,37,37,0,0,68,68,0,0,1,1,0,0,68,68,105,105,550,550,109,109,1997,1997,4938,4938,607,607,0,0,0,0,0,0,0,0,0,0,0,0,0,0,860160,860160,105,105,860160,860160,0,0,0,0,0,0,0,0,0,0,b'\xbe\xda\x0c\x10\x02\x00[\x9ea\x98\x00\x03\x07\xc0\x02\x16\x04\xc3\x02#W\xc0\x02\x16\x01\x80\xc0\x02\x16\x06\xc5\x03\x02!B]',,2634225673,0,2018-09-16 15:58:47,2018-09-16 15:58:47,2018-09-16 15:58:48.497000,0:00:00.500000,1,0,1,2:00:00
566,2634225673,1,ct6c4h224pxgz,0,0,CHOOSE,3316887484,32332,1,1,sqlplus@cisk.rs2.com (TNS V1-V3),,,0,0,SYS,0,0,0,3,3,0,0,3,3,0,0,1,1,0,0,3,3,92,92,1990,1990,3,3,30980,30980,30335,30335,622,622,0,0,0,0,0,0,0,0,631,631,0,0,0,0,753664,753664,92,92,753664,753664,0,0,0,0,0,0,0,0,0,0,,,2634225673,0,2018-09-16 15:58:47,2018-09-16 15:58:47,2018-09-16 15:58:48.497000,0:00:00.500000,1,0,1,2:00:00
566,2634225673,1,cn6hhn36a4rrs,3845132125,2,CHOOSE,2075687385,45227,2,2,,,,9884589347181778471,0,SYS,0,144,144,143,143,0,0,143,143,0,0,3,3,1,1,3,3,1,1,288,288,1,1,4555,4555,3314,3314,6,6,0,0,0,0,0,0,0,0,0,0,0,0,0,0,8192,0,1,0,8192,0,0,0,0,0,0,0,0,0,0,0,b'\xbe\xda\x0c\x10\x02\x00[\x9ea\x98\x00\x01\x01\xc0\x02\x16\x02\xc2\x02',,2634225673,0,2018-09-16 15:58:47,2018-09-16 15:58:47,2018-09-16 15:58:48.497000,0:00:00.500000,1,0,1,2:00:00
566,2634225673,1,cbdfcfcp1pgtp,1593404224,3,CHOOSE,1616013103,23496,1,1,,,,13244931827898631363,0,SYS,0,78,78,39,39,39,39,39,39,0,0,1,1,0,0,39,39,3,3,174,174,78,78,3999,3999,3370,3370,21,21,0,0,0,0,0,0,0,0,0,0,0,0,0,0,24576,24576,3,3,24576,24576,0,0,0,0,0,0,0,0,0,0,b'\xbe\xda\x0c\x10\x02\x00[\x9ea\x98\x00\x01\x01\xc0\x02\x16\x03\xc2S_',,2634225673,0,2018-09-16 15:58:47,2018-09-16 15:58:47,2018-09-16 15:58:48.497000,0:00:00.500000,1,0,1,2:00:00
566,2634225673,1,cb21bacyh3c7d,3452538079,1,ALL_ROWS,3808360290,54208,3,3,,,,10164673401669509915,0,SYS,0,6,6,6,6,0,0,6,6,0,0,3,3,0,0,6,6,9,9,54,54,6,6,3590,3590,3551,3551,58,58,0,0,0,0,1060,1060,0,0,0,0,0,0,0,0,73728,73728,9,9,73728,73728,0,0,0,0,0,0,0,0,0,0,,,2634225673,0,2018-09-16 15:58:47,2018-09-16 15:58:47,2018-09-16 15:58:48.497000,0:00:00.500000,1,0,1,2:00:00
566,2634225673,1,c6awqs517jpj0,1319326155,3,CHOOSE,3316887484,23560,1,1,,,,5248879696856552772,0,SYS,0,107,107,68,68,0,0,68,68,0,0,1,1,0,0,68,68,51,51,333,333,39,39,4938,4938,3421,3421,297,297,0,0,0,0,0,0,0,0,0,0,0,0,0,0,417792,417792,51,51,417792,417792,0,0,0,0,0,0,0,0,0,0,b'\xbe\xda\x0c\x10\x02\x00[\x9ea\x98\x00\x03\x07\xc0\x02\x16\x04\xc3\x02#W\xc0\x02\x16\x01\x80\xc0\x02\x16\x06\xc5\x03\x02!B]',,2634225673,0,2018-09-16 15:58:47,2018-09-16 15:58:47,2018-09-16 15:58:48.497000,0:00:00.500000,1,0,1,2:00:00
566,2634225673,1,c3zymn7x3k6wy,3446064519,4,CHOOSE,1616013103,35844,1,1,,,,3124173717757105445,0,SYS,0,40,40,20,20,0,0,20,20,0,0,1,1,0,0,20,20,31,31,967,967,160,160,8994,8994,8520,8520,214,214,0,0,0,0,0,0,0,0,0,0,0,0,0,0,253952,253952,31,31,253952,253952,0,0,0,0,0,0,0,0,0,0,b'\xbe\xda\x0c\x10\x02\x00[\x9ea\x98\x00\x01\x01\xc0\x02\x16\x03\xc2Sc',,2634225673,0,2018-09-16 15:58:47,2018-09-16 15:58:47,2018-09-16 15:58:48.497000,0:00:00.500000,1,0,1,2:00:00
566,2634225673,1,c2utm6mt012tk,3513981620,12,ALL_ROWS,2537082850,97252,1,1,,,,12359058624391930304,0,SYS,0,0,0,1,1,0,0,1,1,0,0,1,1,0,0,1,1,15,15,322,322,0,0,6768,6768,6992,6992,80,80,0,0,0,0,0,0,0,0,0,0,0,0,0,0,237568,237568,18,18,237568,237568,0,0,0,0,0,0,0,0,0,0,b'\xbe\xda\x0c\x10\x02\x00[\x9ea\x98\x00\x03\x03\xc0\x02\x16\x06\xc5\x1b#\x179J\xc0\x02\x16\x03\xc2\x06C',,2634225673,0,2018-09-16 15:58:47,2018-09-16 15:58:47,2018-09-16 15:58:48.497000,0:00:00.500000,1,0,1,2:00:00
566,2634225673,1,c2tnpdmt26t6b,3113170182,1,CHOOSE,1723525047,19427,1,1,,,,9169971246860265784,0,SYS,0,11,11,11,11,0,0,11,11,0,0,1,1,0,0,11,11,2,2,54,54,11,11,946,946,988,988,15,15,0,0,0,0,0,0,0,0,0,0,0,0,0,0,16384,16384,2,2,16384,16384,0,0,0,0,0,0,0,0,0,0,b'\xbe\xda\x0c\x10\x02\x00[\x9ea\x97\x00\x01\x01\xf0\x01 \x00\xb2\x08EXPLICIT',,2634225673,0,2018-09-16 15:58:47,2018-09-16 15:58:47,2018-09-16 15:58:48.497000,0:00:00.500000,1,0,1,2:00:00
566,2634225673,1,c1y1djkqjcd88,2535025113,2516,ALL_ROWS,3207304630,80849,1,1,SQL*Plus,,,4878051979052001922,97,TPCDS1,97,8,8,1,1,1,1,1,1,0,0,1,1,0,0,1,1,8532,8532,45675,45675,100,100,285464,285464,330397,330397,32238,32238,0,0,0,0,0,0,496,496,0,0,0,0,0,0,74072064,74072064,3168,3168,70008832,70008832,55,55,4063232,4063232,0,0,0,0,0,0,,,2634225673,0,2018-09-16 15:58:47,2018-09-16 15:58:47,2018-09-16 15:58:48.497000,0:00:00.500000,1,0,1,2:00:00
566,2634225673,1,buph6y66uhs07,4215953279,9,ALL_ROWS,2537082850,129056,1,1,python3@cisk.rs2.com (TNS V1-V3),,,17977937337199675820,0,SYS,0,1,1,1,1,3,3,1,1,0,0,1,1,0,0,1,1,12,12,219,219,1,1,15596,15596,15755,15755,110,110,0,0,0,0,0,0,0,0,0,0,0,0,0,0,2064384,2064384,132,132,2064384,2064384,0,0,0,0,0,0,0,0,0,0,b'\xbe\xda\x0c\x10\x02\x00[\x9ea\x98\x00\x02\x03\xc0\x02\x16\x06\xc5\x1b#\x179J\xc0\x02\x16\x06\xc5\x1b#\x179J',,2634225673,0,2018-09-16 15:58:47,2018-09-16 15:58:47,2018-09-16 15:58:48.497000,0:00:00.500000,1,0,1,2:00:00
566,2634225673,1,bnznj24yxuzah,1119547374,6,ALL_ROWS,2537082850,142426,1,1,,,,7476223213321459256,0,SYS,0,0,0,1,1,1,1,1,1,0,0,1,1,0,0,1,1,10,10,291,291,13,13,8001,8001,7993,7993,60,60,0,0,0,0,0,0,0,0,0,0,0,0,0,0,2048000,2048000,130,130,2048000,2048000,0,0,0,0,0,0,0,0,0,0,,,2634225673,0,2018-09-16 15:58:47,2018-09-16 15:58:47,2018-09-16 15:58:48.497000,0:00:00.500000,1,0,1,2:00:00
566,2634225673,1,bb926a5dcb8kr,3530933756,3,CHOOSE,1633746601,102855,1,1,,,,15864925192918233104,0,SYS,0,0,0,3,3,0,0,3,3,0,0,1,1,0,0,3,3,12,12,361,361,3,3,5963,5963,5921,5921,82,82,0,0,0,0,0,0,0,0,0,0,0,0,0,0,98304,98304,12,12,98304,98304,0,0,0,0,0,0,0,0,0,0,b'\xbe\xda\x0c\x10\x02\x00[\x9ea\x97\x00\x19\xff\x03\x04\x00\xc0\x02\x16\x04\xc3\x02\x08\x0c\xc0\x02\x16\x01\x80\x01\x02\x01\x02\x01\x01\x01\x02\x01\x01\x01\x02\x01\x02\x01\x01\x01\x01',,2634225673,0,2018-09-16 15:58:47,2018-09-16 15:58:47,2018-09-16 15:58:48.497000,0:00:00.500000,1,0,1,2:00:00
566,2634225673,1,b1wc53ddd6h3p,1637390370,2,CHOOSE,3316887484,19388,1,1,,,,18141995221362702588,0,SYS,0,37,37,37,37,0,0,37,37,0,0,1,1,0,0,37,37,20,20,156,156,37,37,999,999,2079,2079,131,131,0,0,0,0,0,0,0,0,0,0,0,0,0,0,163840,163840,20,20,163840,163840,0,0,0,0,0,0,0,0,0,0,b'\xbe\xda\x0c\x10\x02\x00[\x9ea\x98\x00\x01\x01\xc0\x02\x16\x04\xc3\x02#W',,2634225673,0,2018-09-16 15:58:47,2018-09-16 15:58:47,2018-09-16 15:58:48.497000,0:00:00.500000,1,0,1,2:00:00
566,2634225673,1,asvzxj61dc5vs,3028786551,2,CHOOSE,1616013103,19390,1,1,,,,0,0,SYS,0,221,221,221,221,0,0,221,221,0,0,1,1,0,0,221,221,1,1,555,555,107,107,5993,5993,5045,5045,8,8,0,0,0,0,0,0,0,0,0,0,0,0,0,0,8192,8192,1,1,8192,8192,0,0,0,0,0,0,0,0,0,0,b'\xbe\xda\x0c\x10\x02\x00[\x9ea\x98\x00\x01\x01\xc0\x02\x16\x06\xc5+_`\x0b\x19',,2634225673,0,2018-09-16 15:58:47,2018-09-16 15:58:47,2018-09-16 15:58:48.497000,0:00:00.500000,1,0,1,2:00:00
566,2634225673,1,afx304d90ps3z,2144485289,2,CHOOSE,1616013103,23528,1,1,,,,0,0,SYS,0,101,101,101,101,0,0,101,101,0,0,1,1,0,0,101,101,9,9,336,336,101,101,3001,3001,2930,2930,67,67,0,0,0,0,0,0,0,0,0,0,0,0,0,0,73728,73728,9,9,73728,73728,0,0,0,0,0,0,0,0,0,0,b'\xbe\xda\x0c\x10\x02\x00[\x9ea\x98\x00\x01\x01\xc0\x02\x16\x06\xc5+_`\x0b\x19',,2634225673,0,2018-09-16 15:58:47,2018-09-16 15:58:47,2018-09-16 15:58:48.497000,0:00:00.500000,1,0,1,2:00:00
566,2634225673,1,9rfqm06xmuwu0,832500465,3,CHOOSE,2075687385,45254,2,2,,,,12313764141852424472,0,SYS,0,40,40,29,29,29,29,29,29,0,0,2,2,0,0,5,5,3,3,161,161,11,11,4001,4001,2620,2620,20,20,0,0,0,0,0,0,0,0,0,0,0,0,0,0,24576,24576,3,3,24576,24576,0,0,0,0,0,0,0,0,0,0,b'\xbe\xda\x0c\x10\x02\x00[\x9ea\x98\x00\x01\x01\xc0\x02\x16\x03\xc2M_',,2634225673,0,2018-09-16 15:58:47,2018-09-16 15:58:47,2018-09-16 15:58:48.497000,0:00:00.500000,1,0,1,2:00:00
566,2634225673,1,9p6bq1v54k13j,415205717,2,CHOOSE,1633746601,30238,2,2,,,,4907944166023815120,0,SYS,0,22,22,13,13,0,0,22,22,0,0,4,4,2,2,3,3,0,0,66,66,9,9,1898,1898,2795,2795,0,0,0,0,0,0,0,0,0,0,0,0,0,0,0,0,0,0,0,0,0,0,0,0,0,0,0,0,0,0,0,0,b'\xbe\xda\x0c\x10\x02\x00[\x9ea\x97\x00\x01\x01\xf0\x01 \x00\xb2\nDBTIMEZONE',,2634225673,0,2018-09-16 15:58:47,2018-09-16 15:58:47,2018-09-16 15:58:48.497000,0:00:00.500000,1,0,1,2:00:00
566,2634225673,1,9g485acn2n30m,2544153582,3,CHOOSE,2075687385,45227,2,2,,,,1008029041321349622,0,SYS,0,29,29,29,29,29,29,29,29,0,0,2,2,0,0,5,5,1,1,167,167,0,0,2001,2001,2340,2340,7,7,0,0,0,0,0,0,0,0,0,0,0,0,0,0,8192,8192,1,1,8192,8192,0,0,0,0,0,0,0,0,0,0,b'\xbe\xda\x0c\x10\x02\x00[\x9ea\x98\x00\x01\x01\xc0\x02\x16\x03\xc2M_',,2634225673,0,2018-09-16 15:58:47,2018-09-16 15:58:47,2018-09-16 15:58:48.497000,0:00:00.500000,1,0,1,2:00:00
566,2634225673,1,96ymyncbp66v4,4157543219,5,CHOOSE,2035934494,129441,1,1,,,,12876247053265447505,0,SYS,0,0,0,0,0,0,0,0,0,0,0,1,1,0,0,1,1,7,7,145,145,0,0,7642,7642,8421,8421,52,52,0,0,0,0,0,0,0,0,0,0,0,0,0,0,57344,57344,7,7,57344,57344,0,0,0,0,0,0,0,0,0,0,,,2634225673,0,2018-09-16 15:58:47,2018-09-16 15:58:47,2018-09-16 15:58:48.497000,0:00:00.500000,1,0,1,2:00:00
566,2634225673,1,96g93hntrzjtr,2239883476,1,RULE,1128688608,31691,1,1,,,,11825317804180127446,0,SYS,0,3055,3055,190,190,0,0,3055,3055,0,0,2,2,1,1,4,4,228,228,8975,8975,2865,2865,33246,33246,41992,41992,1701,1701,0,0,0,0,0,0,0,0,0,0,0,0,0,0,1867776,1867776,228,228,1867776,1867776,0,0,0,0,0,0,0,0,0,0,b'\xbe\xda\x0c\x10\x02\x00[\x9ea\x97\x00\x02\x03\xc0\x02\x16\x02\xc1\x13\xc0\x02\x16\x02\xc1\x03',,2634225673,0,2018-09-16 15:58:47,2018-09-16 15:58:47,2018-09-16 15:58:48.497000,0:00:00.500000,1,0,1,2:00:00
566,2634225673,1,93z4cu03tf4z1,3314469322,1,ALL_ROWS,2537082850,44119,1,1,,,,4747111675779516896,0,SYS,0,0,0,1,1,0,0,1,1,0,0,1,1,0,0,1,1,36,36,586,586,49,49,33180,33180,120612,120612,87491,87491,0,0,0,0,0,0,0,0,0,0,0,0,0,0,294912,294912,36,36,294912,294912,0,0,0,0,0,0,0,0,0,0,,,2634225673,0,2018-09-16 15:58:47,2018-09-16 15:58:47,2018-09-16 15:58:48.497000,0:00:00.500000,1,0,1,2:00:00
566,2634225673,1,92f47aa2q2rmd,3018082135,2,ALL_ROWS,1189962988,80919,1,1,,,,2243177294000505793,0,SYS,0,1,1,1,1,3,3,1,1,0,0,1,1,0,0,1,1,10,10,43,43,1,1,8299,8299,9172,9172,54,54,0,0,0,0,0,0,0,0,0,0,0,0,0,0,196608,196608,17,17,196608,196608,0,0,0,0,0,0,0,0,0,0,b'\xbe\xda\x0c\x10\x02\x00[\x9ea\x98\x00\x02\x03\xf0\x01 \x00\xb2\x06gabsam\xf0\x01\x80\x00\xb2\x07==N/A==',,2634225673,0,2018-09-16 15:58:47,2018-09-16 15:58:47,2018-09-16 15:58:48.497000,0:00:00.500000,1,0,1,2:00:00
566,2634225673,1,8yu1fmd6pm6y2,0,0,CHOOSE,2075687385,23671,1,1,,,,0,0,SYS,0,0,0,1,1,0,0,1,1,0,0,1,1,0,0,1,1,33,33,491,491,1,1,25282,25282,25322,25322,199,199,0,0,0,0,0,0,0,0,0,0,0,0,0,0,499712,499712,47,47,499712,499712,0,0,0,0,0,0,0,0,0,0,,,2634225673,0,2018-09-16 15:58:47,2018-09-16 15:58:47,2018-09-16 15:58:48.497000,0:00:00.500000,1,0,1,2:00:00
566,2634225673,1,8wutkrpf8j81q,1011998884,2,CHOOSE,2075687385,19390,1,1,,,,17545361214293916892,0,SYS,0,10,10,10,10,0,0,10,10,0,0,1,1,0,0,10,10,8,8,116,116,10,10,2001,2001,1989,1989,50,50,0,0,0,0,0,0,0,0,0,0,0,0,0,0,65536,65536,8,8,65536,65536,0,0,0,0,0,0,0,0,0,0,b'\xbe\xda\x0c\x10\x02\x00[\x9ea\x98\x00\x01\x01\xc0\x02\x16\x04\xc3\x02\x19\x03',,2634225673,0,2018-09-16 15:58:47,2018-09-16 15:58:47,2018-09-16 15:58:48.497000,0:00:00.500000,1,0,1,2:00:00
566,2634225673,1,8uh6xphq54kh0,2968095032,4,CHOOSE,2075687385,45395,2,2,,,,2617203768063337016,0,SYS,0,204,204,162,162,162,162,162,162,0,0,3,3,1,1,3,3,11,11,366,366,42,42,5779,5779,3961,3961,73,73,0,0,0,0,0,0,0,0,0,0,0,0,0,0,90112,73728,11,9,90112,73728,0,0,0,0,0,0,0,0,0,0,b'\xbe\xda\x0c\x10\x02\x00[\x9ea\x98\x00\x01\x01\xc0\x02\x16\x02\xc2\x02',,2634225673,0,2018-09-16 15:58:47,2018-09-16 15:58:47,2018-09-16 15:58:48.497000,0:00:00.500000,1,0,1,2:00:00
566,2634225673,1,8tamm80wbv741,1388734953,2,CHOOSE,2075687385,19395,1,1,,,,3998350823843141592,0,SYS,0,1,1,1,1,0,0,1,1,0,0,1,1,0,0,1,1,99,99,2023,2023,1,1,70237,70237,72559,72559,634,634,0,0,0,0,1149,1149,0,0,0,0,0,0,0,0,811008,811008,99,99,811008,811008,0,0,0,0,0,0,0,0,0,0,,,2634225673,0,2018-09-16 15:58:47,2018-09-16 15:58:47,2018-09-16 15:58:48.497000,0:00:00.500000,1,0,1,2:00:00
566,2634225673,1,8swypbbr0m372,570326988,3,CHOOSE,3316887484,37161,2,2,,,,734444955242386636,0,SYS,0,403,403,123,123,0,0,123,123,0,0,3,3,1,1,123,123,64,64,818,818,280,280,4153,4153,5357,5357,388,388,0,0,0,0,0,0,0,0,0,0,0,0,0,0,524288,98304,64,12,524288,98304,0,0,0,0,0,0,0,0,0,0,b'\xbe\xda\x0c\x10\x02\x00[\x9ea\x98\x00\x01\x01\xc0\x02\x16\x04\xc3\x02#W',,2634225673,0,2018-09-16 15:58:47,2018-09-16 15:58:47,2018-09-16 15:58:48.497000,0:00:00.500000,1,0,1,2:00:00
566,2634225673,1,8fv480az2kx9h,2203911306,1,CHOOSE,2075687385,45249,2,2,,,,7706032817293085460,0,SYS,0,7,7,7,7,0,0,7,7,0,0,2,2,0,0,3,3,9,9,137,137,7,7,3000,3000,3896,3896,59,59,0,0,0,0,0,0,0,0,0,0,0,0,0,0,73728,73728,9,9,73728,73728,0,0,0,0,0,0,0,0,0,0,b'\xbe\xda\x0c\x10\x02\x00[\x9ea\x98\x00\x01\x01\xc0\x02\x16\x03\xc2R1',,2634225673,0,2018-09-16 15:58:47,2018-09-16 15:58:47,2018-09-16 15:58:48.497000,0:00:00.500000,1,0,1,2:00:00
566,2634225673,1,87gaftwrm2h68,1072382624,3,CHOOSE,2075687385,45234,2,2,,,,4469127190608007764,0,SYS,0,571,571,218,218,0,0,571,571,0,0,3,3,1,1,4,4,20,20,1495,1495,353,353,10981,10981,9606,9606,132,132,0,0,0,0,0,0,0,0,0,0,0,0,0,0,163840,90112,20,11,163840,90112,0,0,0,0,0,0,0,0,0,0,b'\xbe\xda\x0c\x10\x02\x00[\x9ea\x98\x00\x01\x01\xc0\x02\x16\x03\xc2R0',,2634225673,0,2018-09-16 15:58:47,2018-09-16 15:58:47,2018-09-16 15:58:48.497000,0:00:00.500000,1,0,1,2:00:00
566,2634225673,1,86kwhy1f0bttn,638166915,6,ALL_ROWS,172472116,88576,1,1,sqlplus@cisk.rs2.com (TNS V1-V3),,,5281804142487854127,0,SYS,0,6,6,6,6,0,0,6,6,0,0,1,1,0,0,1,1,56,56,1677,1677,6,6,22974,22974,23764,23764,377,377,0,0,0,0,0,0,0,0,0,0,0,0,0,0,458752,458752,56,56,458752,458752,0,0,0,0,0,0,0,0,0,0,b'\xbe\xda\x0c\x10\x02\x00[\x9ea\x98\x00\x03\x07\xf0\x01 \x00\xb2\x03SYS\xf0\x01 \x00\xb2\x07OBJ$MIG\xf0\x01 \x00\xb2\x15CHECKPRIVRLS_SELECTPF',,2634225673,0,2018-09-16 15:58:47,2018-09-16 15:58:47,2018-09-16 15:58:48.497000,0:00:00.500000,1,0,1,2:00:00
566,2634225673,1,84zqd7a3ap5ud,3652932668,1,ALL_ROWS,2537082850,27674,1,1,,,,7492815904143395223,0,SYS,0,0,0,1,1,0,0,1,1,0,0,1,1,0,0,1,1,49,49,2010,2010,1178,1178,17622,17622,17780,17780,318,318,0,0,0,0,0,0,0,0,0,0,0,0,0,0,401408,401408,49,49,401408,401408,0,0,0,0,0,0,0,0,0,0,,,2634225673,0,2018-09-16 15:58:47,2018-09-16 15:58:47,2018-09-16 15:58:48.497000,0:00:00.500000,1,0,1,2:00:00
566,2634225673,1,7z8dq927rmy18,884262654,5,CHOOSE,2035934494,117985,1,1,,,,15142207567101814291,0,SYS,0,0,0,0,0,0,0,0,0,0,0,1,1,0,0,1,1,7,7,138,138,0,0,5653,5653,5364,5364,52,52,0,0,0,0,0,0,0,0,0,0,0,0,0,0,57344,57344,7,7,57344,57344,0,0,0,0,0,0,0,0,0,0,,,2634225673,0,2018-09-16 15:58:47,2018-09-16 15:58:47,2018-09-16 15:58:48.497000,0:00:00.500000,1,0,1,2:00:00
566,2634225673,1,7u49y06aqxg1s,3312420081,1,RULE,1128688608,23536,1,1,,,,14772652685964094379,0,SYS,0,1488,1488,497,497,1488,1488,1488,1488,0,0,2,2,1,1,5,5,549,549,5057,5057,22647,22647,61808,61808,64886,64886,3810,3810,0,0,0,0,0,0,0,0,0,0,0,0,0,0,4497408,4497408,549,549,4497408,4497408,0,0,0,0,0,0,0,0,0,0,b'\xbe\xda\x0c\x10\x02\x00[\x9ea\x97\x00\x03\x07\xc0\x02\x16\x02\xc1\x13\xc0\x02\x16\x02\xc1\x04\xc0\x02\x16\x01\x80',,2634225673,0,2018-09-16 15:58:47,2018-09-16 15:58:47,2018-09-16 15:58:48.497000,0:00:00.500000,1,0,1,2:00:00
566,2634225673,1,7nuw4xwrnuwxq,1720483994,3,CHOOSE,2075687385,45278,2,2,,,,6256752470541841209,0,SYS,0,61,61,29,29,29,29,29,29,0,0,2,2,0,0,5,5,8,8,278,278,32,32,6840,6840,5991,5991,49,49,0,0,0,0,0,0,0,0,0,0,0,0,0,0,65536,65536,8,8,65536,65536,0,0,0,0,0,0,0,0,0,0,b'\xbe\xda\x0c\x10\x02\x00[\x9ea\x98\x00\x01\x01\xc0\x02\x16\x03\xc2M_',,2634225673,0,2018-09-16 15:58:47,2018-09-16 15:58:47,2018-09-16 15:58:48.497000,0:00:00.500000,1,0,1,2:00:00
566,2634225673,1,7hj57uz99sm9k,4141019660,2,CHOOSE,2469528743,61564,2,2,,,,10081530545868203529,0,SYS,0,2,2,0,0,0,0,2,2,0,0,3,3,1,1,1,1,1,1,63,63,2,2,2000,2000,1795,1795,6,6,0,0,0,0,0,0,0,0,0,0,0,0,0,0,8192,8192,1,1,8192,8192,0,0,0,0,0,0,0,0,0,0,b'\xbe\xda\x0c\x10\x02\x00[\x9ea\x98\x00\x01\x01\xc0\x02\x16\x03\xc2\x07\x1c',,2634225673,0,2018-09-16 15:58:47,2018-09-16 15:58:47,2018-09-16 15:58:48.497000,0:00:00.500000,1,0,1,2:00:00
566,2634225673,1,7fwum1yuknrsh,2035254952,2,CHOOSE,2075687385,53781,1,2,,,,15916040624187947911,0,SYS,0,143,143,0,0,143,143,143,143,0,0,1,1,0,0,4,4,40,40,732,732,143,143,7646,7646,6949,6949,324,324,0,0,0,0,0,0,0,0,0,0,0,0,0,0,327680,327680,40,40,327680,327680,0,0,0,0,0,0,0,0,0,0,b'\xbe\xda\x0c\x10\x02\x00[\x9ea\x98\x00\x01\x01\xc0\x02\x16\x03\xc2R/',,2634225673,0,2018-09-16 15:58:47,2018-09-16 15:58:47,2018-09-16 15:58:48.497000,0:00:00.500000,1,0,1,2:00:00
566,2634225673,1,7fwum1yuknrsh,1274438249,2,CHOOSE,1633746601,53781,1,2,,,,15916040624187947911,0,SYS,0,112,112,0,0,112,112,112,112,0,0,2,2,1,1,1,1,64,64,573,573,112,112,7999,7999,5346,5346,441,441,0,0,0,0,0,0,0,0,0,0,0,0,0,0,524288,524288,64,64,524288,524288,0,0,0,0,0,0,0,0,0,0,b'\xbe\xda\x0c\x10\x02\x00[\x9ea\x97\x00\x01\x01\xc0\x02\x16\x03\xc2\x04<',,2634225673,0,2018-09-16 15:58:47,2018-09-16 15:58:47,2018-09-16 15:58:48.497000,0:00:00.500000,1,0,1,2:00:00
566,2634225673,1,6qz82dptj0qr7,2819763574,3,CHOOSE,3316887484,53520,2,2,,,,14857235450257348920,0,SYS,0,68,68,29,29,29,29,29,29,0,0,2,2,0,0,29,29,9,9,319,319,39,39,4998,4998,5013,5013,55,55,0,0,0,0,0,0,0,0,0,0,0,0,0,0,73728,73728,9,9,73728,73728,0,0,0,0,0,0,0,0,0,0,b'\xbe\xda\x0c\x10\x02\x00[\x9ea\x98\x00\x01\x01\xc0\x02\x16\x03\xc2\x02\x1c',,2634225673,0,2018-09-16 15:58:47,2018-09-16 15:58:47,2018-09-16 15:58:48.497000,0:00:00.500000,1,0,1,2:00:00
566,2634225673,1,6p4m180mg6y8d,4216597369,43,CHOOSE,1633746601,202284,1,1,,,,556100439200826917,0,SYS,0,1,1,1,1,1,1,1,1,0,0,1,1,1,1,1,1,2,2,119,119,0,0,19763,19763,20151,20151,16,16,0,0,0,0,0,0,0,0,0,0,0,0,0,0,16384,16384,2,2,16384,16384,0,0,0,0,0,0,0,0,0,0,b'\xbe\xda\x0c\x10\x02\x00[\x9ea\x97\x00\x01\x01\xc0\x02\x16\x02\xc1\x03',,2634225673,0,2018-09-16 15:58:47,2018-09-16 15:58:47,2018-09-16 15:58:48.497000,0:00:00.500000,1,0,1,2:00:00
566,2634225673,1,6n2qqv1brfhpp,3848648847,5,ALL_ROWS,2537082850,39960,1,1,python3@cisk.rs2.com (TNS V1-V3),,,0,0,SYS,0,19,19,0,0,0,0,19,19,0,0,1,1,0,0,19,19,3,3,241,241,19,19,1997,1997,2927,2927,21,21,0,0,0,0,0,0,0,0,0,0,0,0,0,0,24576,24576,3,3,24576,24576,0,0,0,0,0,0,0,0,0,0,b'\xbe\xda\x0c\x10\x02\x00[\x9ea\x99\x00\x02\x03\xc0\x02\x16\x02\xc1\x04\xc0\x02\x16\x02\xc1\x04',,2634225673,0,2018-09-16 15:58:47,2018-09-16 15:58:47,2018-09-16 15:58:48.497000,0:00:00.500000,1,0,1,2:00:00
566,2634225673,1,616m6uhpa2usu,2556297882,6,CHOOSE,3316887484,141162,2,4,,,,14135361577332416746,0,SYS,0,302,302,138,138,269,269,138,138,0,0,2,2,0,0,4,4,24,24,965,965,164,164,21332,21332,23959,23959,172,172,0,0,0,0,0,0,0,0,0,0,0,0,0,0,196608,81920,24,10,196608,81920,0,0,0,0,0,0,0,0,0,0,b'\xbe\xda\x0c\x10\x02\x00[\x9ea\x98\x00\x02\x03\xc0\x02\x16\x03\xc2\x02^\x01\x01',,2634225673,0,2018-09-16 15:58:47,2018-09-16 15:58:47,2018-09-16 15:58:48.497000,0:00:00.500000,1,0,1,2:00:00
566,2634225673,1,616m6uhpa2usu,306576078,1,CHOOSE,1723525047,76274,1,4,,,,14135361577332416746,0,SYS,0,5,5,5,5,5,5,5,5,0,0,1,1,0,0,1,1,0,0,15,15,0,0,2981,2981,2677,2677,0,0,0,0,0,0,0,0,0,0,0,0,0,0,0,0,0,0,0,0,0,0,0,0,0,0,0,0,0,0,0,0,b'\xbe\xda\x0c\x10\x02\x00[\x9ea\x97\x00\x02\x03\xc0\x02\x16\x03\xc2\x04G\x01\x01',,2634225673,0,2018-09-16 15:58:47,2018-09-16 15:58:47,2018-09-16 15:58:48.497000,0:00:00.500000,1,0,1,2:00:00
566,2634225673,1,5zkaavczs7942,4195126998,,CHOOSE,1633746601,7243,0,1,,,,9953211235926151541,0,SYS,0,10,10,0,0,0,0,10,10,0,0,1,1,0,0,1,1,39,39,667,667,10,10,18101,18101,17998,17998,268,268,0,0,0,0,21,21,0,0,0,0,0,0,0,0,319488,319488,39,39,319488,319488,0,0,0,0,0,0,0,0,0,0,b'\xbe\xda\x0c\x10\x02\x00[\x9ea\x97\x00\x01\x01\xc0\x02\x16\x01\x80',,2634225673,0,2018-09-16 15:58:47,2018-09-16 15:58:47,2018-09-16 15:58:48.497000,0:00:00.500000,1,0,1,2:00:00
566,2634225673,1,5x2qdz70d0zar,735420252,1,CHOOSE,2075687385,104339,1,1,,,,4594212000730299685,0,SYS,0,0,0,0,0,0,0,0,0,0,0,2,2,1,1,1,1,4,4,150,150,0,0,3000,3000,3334,3334,34,34,0,0,0,0,0,0,0,0,0,0,0,0,0,0,32768,32768,4,4,32768,32768,0,0,0,0,0,0,0,0,0,0,,,2634225673,0,2018-09-16 15:58:47,2018-09-16 15:58:47,2018-09-16 15:58:48.497000,0:00:00.500000,1,0,1,2:00:00
566,2634225673,1,5wxyshspv54v4,1996182059,20,CHOOSE,3316887484,89169,1,1,,,,4355924397027142059,0,SYS,0,6,6,6,6,6,6,6,6,0,0,1,1,0,0,6,6,9,9,357,357,0,0,13999,13999,14297,14297,62,62,0,0,0,0,0,0,0,0,0,0,0,0,0,0,73728,73728,9,9,73728,73728,0,0,0,0,0,0,0,0,0,0,b'\xbe\xda\x0c\x10\x02\x00[\x9ea\x98\x00\x08\xff\xc0\x02\x16\x04\xc3\x02DB\xc0\x02\x16\x01\x80\xc0\x02\x16\x01\x80\xc0\x02\x16\x01\x80\xc0\x02\x16\x01\x80\xc0\x02\x16\x01\x80\xc0\x02\x16\x04\xc3\x02DB\xc0\x02\x16\x04\xc3\x02DB',,2634225673,0,2018-09-16 15:58:47,2018-09-16 15:58:47,2018-09-16 15:58:48.497000,0:00:00.500000,1,0,1,2:00:00
566,2634225673,1,5r8sf8qp40tj1,2326542284,6,CHOOSE,2075687385,52960,2,2,,,,13123605857860688797,0,SYS,0,0,0,24,24,0,0,24,24,0,0,2,2,0,0,24,24,13,13,218,218,0,0,4995,4995,3981,3981,85,85,0,0,0,0,0,0,0,0,0,0,0,0,0,0,106496,106496,13,13,106496,106496,0,0,0,0,0,0,0,0,0,0,,,2634225673,0,2018-09-16 15:58:47,2018-09-16 15:58:47,2018-09-16 15:58:48.497000,0:00:00.500000,1,0,1,2:00:00
566,2634225673,1,5n1fs4m2n2y0r,452367486,2,CHOOSE,2075687385,45211,2,2,,,,9194475184364435657,0,SYS,0,1103,1103,322,322,0,0,322,322,0,0,3,3,1,1,4,4,10,10,2253,2253,781,781,6983,6983,7019,7019,62,62,0,0,0,0,0,0,0,0,0,0,0,0,0,0,81920,65536,10,8,81920,65536,0,0,0,0,0,0,0,0,0,0,b'\xbe\xda\x0c\x10\x02\x00[\x9ea\x98\x00\x01\x01\xc0\x02\x16\x03\xc2R0',,2634225673,0,2018-09-16 15:58:47,2018-09-16 15:58:47,2018-09-16 15:58:48.497000,0:00:00.500000,1,0,1,2:00:00
566,2634225673,1,5j4c2v06qdhqq,423935871,3,CHOOSE,2075687385,23535,1,1,,,,9661635955414629905,0,SYS,0,10,10,10,10,0,0,10,10,0,0,1,1,0,0,10,10,0,0,38,38,0,0,1006,1006,872,872,0,0,0,0,0,0,0,0,0,0,0,0,0,0,0,0,0,0,0,0,0,0,0,0,0,0,0,0,0,0,0,0,b'\xbe\xda\x0c\x10\x02\x00[\x9ea\x98\x00\x01\x01\xc0\x02\x16\x04\xc3\x02\x19\x03',,2634225673,0,2018-09-16 15:58:47,2018-09-16 15:58:47,2018-09-16 15:58:48.497000,0:00:00.500000,1,0,1,2:00:00
566,2634225673,1,5hzyx1k0qr26w,3331032438,3,CHOOSE,3316887484,31899,1,1,sqlplus@cisk.rs2.com (TNS V1-V3),,,6137400048337887218,0,SYS,0,1,1,1,1,0,0,1,1,0,0,1,1,0,0,1,1,157,157,1011,1011,0,0,26921,26921,27083,27083,927,927,0,0,0,0,0,0,0,0,0,0,0,0,0,0,1286144,1286144,157,157,1286144,1286144,0,0,0,0,0,0,0,0,0,0,b'\xbe\xda\x0c\x10\x02\x00[\x9ea\x98\x00\x02\x03\xc0\x02\x16\x02\xc1\x02\xc0\x02\x16\x02\xc1\x02',,2634225673,0,2018-09-16 15:58:47,2018-09-16 15:58:47,2018-09-16 15:58:48.497000,0:00:00.500000,1,0,1,2:00:00
566,2634225673,1,5901k1s1gs2zh,3403819641,6,ALL_ROWS,2537082850,76601,1,1,,,,13761099866595011250,0,SYS,0,0,0,1,1,6,6,1,1,0,0,1,1,0,0,1,1,34,34,462,462,24,24,16801,16801,16639,16639,218,218,0,0,0,0,0,0,0,0,0,0,0,0,0,0,278528,278528,34,34,278528,278528,0,0,0,0,0,0,0,0,0,0,,,2634225673,0,2018-09-16 15:58:47,2018-09-16 15:58:47,2018-09-16 15:58:48.497000,0:00:00.500000,1,0,1,2:00:00
566,2634225673,1,53saa2zkr6wc3,3038981986,3,CHOOSE,2075687385,45207,2,2,,,,6043264929537266909,0,SYS,0,1911,1911,822,822,0,0,822,822,0,0,3,3,1,1,3,3,13,13,3822,3822,1089,1089,9914,9914,9657,9657,85,85,0,0,0,0,0,0,0,0,0,0,0,0,0,0,106496,49152,13,6,106496,49152,0,0,0,0,0,0,0,0,0,0,b'\xbe\xda\x0c\x10\x02\x00[\x9ea\x98\x00\x01\x01\xc0\x02\x16\x03\xc2\x03\x18',,2634225673,0,2018-09-16 15:58:47,2018-09-16 15:58:47,2018-09-16 15:58:48.497000,0:00:00.500000,1,0,1,2:00:00
566,2634225673,1,4r62dbqxw2r10,3314469322,1,ALL_ROWS,2537082850,40057,1,1,,,,16271737260538265232,0,SYS,0,0,0,1,1,0,0,1,1,0,0,1,1,0,0,1,1,21,21,197,197,40,40,23942,23942,67797,67797,44359,44359,0,0,0,0,0,0,0,0,0,0,0,0,0,0,172032,172032,21,21,172032,172032,0,0,0,0,0,0,0,0,0,0,,,2634225673,0,2018-09-16 15:58:47,2018-09-16 15:58:47,2018-09-16 15:58:48.497000,0:00:00.500000,1,0,1,2:00:00
566,2634225673,1,4kt3cun8s5fp5,2709293936,1,CHOOSE,3316887484,53519,2,2,,,,16766684668751080256,0,SYS,0,21,21,0,0,0,0,21,21,0,0,2,2,0,0,21,21,1,1,42,42,21,21,2970,2970,1998,1998,8,8,0,0,0,0,0,0,0,0,0,0,0,0,0,0,8192,8192,1,1,8192,8192,0,0,0,0,0,0,0,0,0,0,b'\xbe\xda\x0c\x10\x02\x00[\x9ea\x98\x00\x01\x01\xc0\x02\x16\x02\xc1\x02',,2634225673,0,2018-09-16 15:58:47,2018-09-16 15:58:47,2018-09-16 15:58:48.497000,0:00:00.500000,1,0,1,2:00:00
566,2634225673,1,4b4wp0a8dvkf0,852281347,18,CHOOSE,1616013103,105910,1,1,,,,5883672924022578692,0,SYS,0,4,4,4,4,4,4,4,4,0,0,1,1,0,0,4,4,107,107,895,895,4,4,29470,29470,28843,28843,724,724,0,0,0,0,0,0,0,0,0,0,0,0,0,0,1335296,1335296,135,135,1335296,1335296,0,0,0,0,0,0,0,0,0,0,b'\xbe\xda\x0c\x10\x02\x00[\x9ea\x98\x00\x02\x03\xf0\x01 \x00\xb2\rfm1gpkftdrr1j\xf0\x01 \x00\xb2\x03SYS',,2634225673,0,2018-09-16 15:58:47,2018-09-16 15:58:47,2018-09-16 15:58:48.497000,0:00:00.500000,1,0,1,2:00:00
566,2634225673,1,45h233mys5n3s,815229885,37,ALL_ROWS,2537082850,98928,1,1,,,,11027357690628361351,0,SYS,0,0,0,1,1,1,1,1,1,0,0,1,1,0,0,1,1,47,47,1423,1423,58,58,21552,21552,22573,22573,280,280,0,0,0,0,0,0,0,0,454,454,0,0,0,0,499712,499712,54,54,499712,499712,0,0,0,0,0,0,0,0,0,0,b'\xbe\xda\x0c\x10\x02\x00[\x9ea\x99\x00\x02\x03\xc0\x02\x16\x06\xc5\x1b#\x179J\x01\x01',,2634225673,0,2018-09-16 15:58:47,2018-09-16 15:58:47,2018-09-16 15:58:48.497000,0:00:00.500000,1,0,1,2:00:00
566,2634225673,1,3y6pgnk2ubw7g,0,1,ALL_ROWS,2537082850,23695,1,1,,,,0,0,SYS,0,0,0,71,71,0,0,71,71,0,0,1,1,0,0,71,71,8,8,539,539,71,71,3997,3997,5228,5228,73,73,0,0,0,0,0,0,0,0,0,0,0,0,0,0,65536,65536,8,8,65536,65536,0,0,0,0,0,0,0,0,0,0,,,2634225673,0,2018-09-16 15:58:47,2018-09-16 15:58:47,2018-09-16 15:58:48.497000,0:00:00.500000,1,0,1,2:00:00
566,2634225673,1,3un99a0zwp4vd,1475428744,11,CHOOSE,3316887484,85968,2,2,,,,11266381627962147698,0,SYS,0,510,510,123,123,123,123,123,123,0,0,3,3,1,1,123,123,139,139,1406,1406,387,387,10911,10911,14134,14134,845,845,0,0,0,0,0,0,0,0,0,0,0,0,0,0,1138688,229376,139,28,1138688,229376,0,0,0,0,0,0,0,0,0,0,b'\xbe\xda\x0c\x10\x02\x00[\x9ea\x98\x00\x01\x01\xc0\x02\x16\x04\xc3\x02#W',,2634225673,0,2018-09-16 15:58:47,2018-09-16 15:58:47,2018-09-16 15:58:48.497000,0:00:00.500000,1,0,1,2:00:00
566,2634225673,1,3hgxzypxz2xpg,1053480226,21,CHOOSE,2469528743,133792,1,1,,,,11481156079994261774,0,SYS,0,2,2,1,1,0,0,1,1,0,0,1,1,0,0,1,1,19,19,370,370,1,1,14371,14371,15162,15162,139,139,0,0,0,0,0,0,0,0,0,0,0,0,0,0,155648,155648,19,19,155648,155648,0,0,0,0,0,0,0,0,0,0,b'\xbe\xda\x0c\x10\x02\x00[\x9ea\x98\x00\x02\x03\xf0\x01 \x00\xb2\x03SYS\xf0\x01 \x00\xb2\x0bALERT_QUE$1',,2634225673,0,2018-09-16 15:58:47,2018-09-16 15:58:47,2018-09-16 15:58:48.497000,0:00:00.500000,1,0,1,2:00:00
566,2634225673,1,3fvb5afth9g3n,971945512,1,CHOOSE,1723525047,19424,1,1,,,,9260777246345361809,0,SYS,0,12,12,12,12,0,0,12,12,0,0,1,1,0,0,12,12,2,2,57,57,12,12,0,0,1178,1178,14,14,0,0,0,0,0,0,0,0,0,0,0,0,0,0,16384,16384,2,2,16384,16384,0,0,0,0,0,0,0,0,0,0,b'\xbe\xda\x0c\x10\x02\x00[\x9ea\x97\x00\x01\x01\xf0\x01 \x00\xb2\x0bORACLE_USER',,2634225673,0,2018-09-16 15:58:47,2018-09-16 15:58:47,2018-09-16 15:58:48.497000,0:00:00.500000,1,0,1,2:00:00
566,2634225673,1,39m4sx9k63ba2,2317816222,3,CHOOSE,3316887484,23557,1,1,,,,12005390545862180746,0,SYS,0,136,136,37,37,0,0,68,68,0,0,1,1,0,0,68,68,124,124,521,521,99,99,5902,5902,4549,4549,699,699,0,0,0,0,0,0,0,0,0,0,0,0,0,0,1015808,1015808,124,124,1015808,1015808,0,0,0,0,0,0,0,0,0,0,b'\xbe\xda\x0c\x10\x02\x00[\x9ea\x98\x00\x03\x07\xc0\x02\x16\x04\xc3\x02#W\xc0\x02\x16\x01\x80\xc0\x02\x16\x06\xc5\x03\x02!B]',,2634225673,0,2018-09-16 15:58:47,2018-09-16 15:58:47,2018-09-16 15:58:48.497000,0:00:00.500000,1,0,1,2:00:00
566,2634225673,1,32bhha21dkv0v,3765558045,3,CHOOSE,2075687385,37111,2,2,,,,1549625483832039122,0,SYS,0,543,543,29,29,29,29,29,29,0,0,2,2,0,0,5,5,0,0,94,94,514,514,999,999,2244,2244,0,0,0,0,0,0,0,0,0,0,0,0,0,0,0,0,0,0,0,0,0,0,0,0,0,0,0,0,0,0,0,0,b'\xbe\xda\x0c\x10\x02\x00[\x9ea\x98\x00\x01\x01\xc0\x02\x16\x03\xc2M_',,2634225673,0,2018-09-16 15:58:47,2018-09-16 15:58:47,2018-09-16 15:58:48.497000,0:00:00.500000,1,0,1,2:00:00
566,2634225673,1,2xgubd6ayhyb1,3418045132,2,CHOOSE,2075687385,19394,1,1,,,,14737421561757382459,0,SYS,0,10,10,10,10,0,0,10,10,0,0,1,1,0,0,10,10,9,9,116,116,10,10,2004,2004,2269,2269,57,57,0,0,0,0,0,0,0,0,0,0,0,0,0,0,73728,73728,9,9,73728,73728,0,0,0,0,0,0,0,0,0,0,b'\xbe\xda\x0c\x10\x02\x00[\x9ea\x98\x00\x01\x01\xc0\x02\x16\x04\xc3\x02\x19\x03',,2634225673,0,2018-09-16 15:58:47,2018-09-16 15:58:47,2018-09-16 15:58:48.497000,0:00:00.500000,1,0,1,2:00:00
566,2634225673,1,2tkw12w5k68vd,1457651150,1,CHOOSE,1633746601,53518,2,2,,,,8031809248192989953,0,SYS,0,31,31,31,31,0,0,31,31,0,0,2,2,0,0,31,31,11,11,138,138,29,29,2304,2304,3264,3264,75,75,0,0,0,0,0,0,0,0,0,0,0,0,0,0,90112,90112,11,11,90112,90112,0,0,0,0,0,0,0,0,0,0,b'\xbe\xda\x0c\x10\x02\x00[\x9ea\x97\x00\x01\x01\xf0\x01 \x00\xb2\x05DVSYS',,2634225673,0,2018-09-16 15:58:47,2018-09-16 15:58:47,2018-09-16 15:58:48.497000,0:00:00.500000,1,0,1,2:00:00
566,2634225673,1,20x4skzx6dbjm,1779570577,2,ALL_ROWS,3537174824,76128,1,1,,,,4235640922693545066,0,SYS,0,0,0,0,0,0,0,0,0,0,0,1,1,0,0,1,1,62,62,1958,1958,0,0,22419,22419,22908,22908,398,398,0,0,0,0,0,0,0,0,0,0,0,0,0,0,507904,507904,62,62,507904,507904,0,0,0,0,0,0,0,0,0,0,,,2634225673,0,2018-09-16 15:58:47,2018-09-16 15:58:47,2018-09-16 15:58:48.497000,0:00:00.500000,1,0,1,2:00:00
566,2634225673,1,1xvsmuvq44szr,735420252,1,CHOOSE,2075687385,101573,1,1,,,,1563550434472140577,0,SYS,0,0,0,0,0,0,0,0,0,0,0,2,2,1,1,1,1,4,4,152,152,0,0,5992,5992,5946,5946,34,34,0,0,0,0,0,0,0,0,0,0,0,0,0,0,32768,32768,4,4,32768,32768,0,0,0,0,0,0,0,0,0,0,,,2634225673,0,2018-09-16 15:58:47,2018-09-16 15:58:47,2018-09-16 15:58:48.497000,0:00:00.500000,1,0,1,2:00:00
566,2634225673,1,1wnvnzyvt8mjt,1321642925,4,ALL_ROWS,2537082850,106296,1,1,,,,7852116724150346866,0,SYS,0,0,0,1,1,5,5,1,1,0,0,1,1,0,0,1,1,13,13,349,349,1,1,9994,9994,9979,9979,99,99,0,0,0,0,0,0,0,0,0,0,0,0,0,0,106496,106496,13,13,106496,106496,0,0,0,0,0,0,0,0,0,0,,,2634225673,0,2018-09-16 15:58:47,2018-09-16 15:58:47,2018-09-16 15:58:48.497000,0:00:00.500000,1,0,1,2:00:00
566,2634225673,1,1p5grz1gs7fjq,2853959010,,CHOOSE,1723525047,13678,0,4,,,,6074796330697981049,0,SYS,0,7,7,0,0,0,0,7,7,0,0,1,1,0,0,1,1,1,1,28,28,7,7,2048,2048,2444,2444,53,53,0,0,0,0,0,0,0,0,0,0,0,0,0,0,8192,8192,1,1,8192,8192,0,0,0,0,0,0,0,0,0,0,b'\xbe\xda\x0c\x10\x02\x00[\x9ea\x97\x00\x03\x07\xc0\x02\x16\x01\x80\xf0\x01 \x00\xb2\rINTERNAL_PLAN\xc0\x02\x16\x02\xc1\x19',,2634225673,0,2018-09-16 15:58:47,2018-09-16 15:58:47,2018-09-16 15:58:48.497000,0:00:00.500000,1,0,1,2:00:00
566,2634225673,1,1p5grz1gs7fjq,813480514,4,CHOOSE,3316887484,66374,2,4,,,,6074796330697981049,0,SYS,0,438,438,8,8,0,0,438,438,0,0,2,2,0,0,4,4,53,53,1744,1744,430,430,13756,13756,14437,14437,399,399,0,0,0,0,0,0,0,0,0,0,0,0,0,0,434176,155648,53,19,434176,155648,0,0,0,0,0,0,0,0,0,0,b'\xbe\xda\x0c\x10\x02\x00[\x9ea\x98\x00\x03\x07\xc0\x02\x16\x01\x80\xf0\x01 \x00\xb2\x05LINK$\xc0\x02\x16\x02\xc1\x02',,2634225673,0,2018-09-16 15:58:47,2018-09-16 15:58:47,2018-09-16 15:58:48.497000,0:00:00.500000,1,0,1,2:00:00
566,2634225673,1,19bmabs12ydx8,2284290462,5,CHOOSE,2469528743,35752,1,1,,,,12270983002399712583,0,SYS,0,1,1,1,1,0,0,1,1,0,0,1,1,0,0,1,1,47,47,1146,1146,1,1,25234,25234,26086,26086,300,300,0,0,0,0,0,0,0,0,0,0,0,0,0,0,385024,385024,47,47,385024,385024,0,0,0,0,0,0,0,0,0,0,b'\xbe\xda\x0c\x10\x02\x00[\x9ea\x98\x00\x01\x01\xc0\x02\x16\x04\xc3\x02L\x1b',,2634225673,0,2018-09-16 15:58:47,2018-09-16 15:58:47,2018-09-16 15:58:48.497000,0:00:00.500000,1,0,1,2:00:00
566,2634225673,1,14d7z6mh1sxuz,3765558045,3,CHOOSE,2075687385,69891,2,2,,,,3114911075977754183,0,SYS,0,3489,3489,263,263,263,263,263,263,0,0,3,3,1,1,5,5,24,24,1176,1176,3226,3226,19822,19822,22720,22720,155,155,0,0,0,0,0,0,0,0,0,0,0,0,0,0,196608,139264,24,17,196608,139264,0,0,0,0,0,0,0,0,0,0,b'\xbe\xda\x0c\x10\x02\x00[\x9ea\x98\x00\x01\x01\xc0\x02\x16\x03\xc2R/',,2634225673,0,2018-09-16 15:58:47,2018-09-16 15:58:47,2018-09-16 15:58:48.497000,0:00:00.500000,1,0,1,2:00:00
566,2634225673,1,130dvvr5s8bgn,1160622595,6,CHOOSE,1616013103,31775,1,1,,,,14105171792894484914,0,SYS,0,38,38,19,19,0,0,19,19,0,0,1,1,0,0,19,19,44,44,859,859,152,152,7992,7992,8931,8931,296,296,0,0,0,0,0,0,0,0,0,0,0,0,0,0,360448,360448,44,44,360448,360448,0,0,0,0,0,0,0,0,0,0,b'\xbe\xda\x0c\x10\x02\x00[\x9ea\x98\x00\x01\x01\xc0\x02\x16\x03\xc2S_',,2634225673,0,2018-09-16 15:58:47,2018-09-16 15:58:47,2018-09-16 15:58:48.497000,0:00:00.500000,1,0,1,2:00:00
566,2634225673,1,11fhc265h37ws,3160058020,1,CHOOSE,1723525047,19437,1,1,,,,15189473162722051352,0,SYS,0,18,18,12,12,0,0,12,12,0,0,1,1,0,0,12,12,0,0,41,41,6,6,2001,2001,607,607,0,0,0,0,0,0,0,0,0,0,0,0,0,0,0,0,0,0,0,0,0,0,0,0,0,0,0,0,0,0,0,0,b'\xbe\xda\x0c\x10\x02\x00[\x9ea\x97\x00\x01\x01\xf0\x01 \x00\xb2\x0bORACLE_USER',,2634225673,0,2018-09-16 15:58:47,2018-09-16 15:58:47,2018-09-16 15:58:48.497000,0:00:00.500000,1,0,1,2:00:00
566,2634225673,1,0t9xqgg9n3yws,1206999729,1,ALL_ROWS,2537082850,94373,1,1,,,,10125874396464098543,0,SYS,0,0,0,1,1,0,0,1,1,0,0,1,1,0,0,1,1,8,8,668,668,0,0,13993,13993,14339,14339,56,56,0,0,0,0,0,0,0,0,0,0,0,0,0,0,65536,65536,8,8,65536,65536,0,0,0,0,0,0,0,0,0,0,,,2634225673,0,2018-09-16 15:58:47,2018-09-16 15:58:47,2018-09-16 15:58:48.497000,0:00:00.500000,1,0,1,2:00:00
566,2634225673,1,0m78skf1mudnb,3506511888,2,CHOOSE,3316887484,37159,2,2,,,,7928100255923163774,0,SYS,0,27,27,0,0,0,0,27,27,0,0,2,2,0,0,27,27,11,11,108,108,27,27,2966,2966,2121,2121,73,73,0,0,0,0,0,0,0,0,0,0,0,0,0,0,90112,32768,11,4,90112,32768,0,0,0,0,0,0,0,0,0,0,b'\xbe\xda\x0c\x10\x02\x00[\x9ea\x98\x00\x01\x01\xc0\x02\x16\x03\xc2B0',,2634225673,0,2018-09-16 15:58:47,2018-09-16 15:58:47,2018-09-16 15:58:48.497000,0:00:00.500000,1,0,1,2:00:00
566,2634225673,1,0gx3b09qrx9f5,1964104430,2,CHOOSE,3316887484,37096,2,2,,,,9552488493257099585,0,SYS,0,25,25,25,25,0,0,25,25,0,0,2,2,0,0,4,4,15,15,174,174,19,19,3996,3996,3159,3159,96,96,0,0,0,0,0,0,0,0,0,0,0,0,0,0,122880,49152,15,6,122880,49152,0,0,0,0,0,0,0,0,0,0,b'\xbe\xda\x0c\x10\x02\x00[\x9ea\x98\x00\x02\x03\xc0\x02\x16\x02\xc1b\xc0\x17 \x10\x00\x00\x00\x00\x00\x00\x00\x00\x00\x00\x00\x00\x00\x01\x00\x01',,2634225673,0,2018-09-16 15:58:47,2018-09-16 15:58:47,2018-09-16 15:58:48.497000,0:00:00.500000,1,0,1,2:00:00
566,2634225673,1,04kug40zbu4dm,4006480256,2,CHOOSE,3316887484,19413,1,1,,,,14514749038448292029,0,SYS,0,336,336,336,336,0,0,336,336,0,0,1,1,0,0,336,336,2,2,1041,1041,0,0,7823,7823,11034,11034,15,15,0,0,0,0,1107,1107,0,0,0,0,0,0,0,0,16384,16384,2,2,16384,16384,0,0,0,0,0,0,0,0,0,0,b'\xbe\xda\x0c\x10\x02\x00[\x9ea\x98\x00\x01\x01\xc0\x02\x16\x03\xc2\x054',,2634225673,0,2018-09-16 15:58:47,2018-09-16 15:58:47,2018-09-16 15:58:48.497000,0:00:00.500000,1,0,1,2:00:00
566,2634225673,1,02577v815yp77,0,0,CHOOSE,2075687385,23669,1,1,,,,0,0,SYS,0,0,0,1,1,0,0,1,1,0,0,1,1,0,0,1,1,280,280,5110,5110,1,1,119463,119463,123349,123349,1786,1786,0,0,0,0,0,0,0,0,0,0,0,0,0,0,2408448,2408448,283,283,2408448,2408448,0,0,0,0,0,0,0,0,0,0,,,2634225673,0,2018-09-16 15:58:47,2018-09-16 15:58:47,2018-09-16 15:58:48.497000,0:00:00.500000,1,0,1,2:00:00
567,2634225673,1,gx4mv66pvj3xz,4120883053,2,CHOOSE,2075687385,29121,1,2,,,,13565288442801506957,0,SYS,0,1022,250,168,63,0,0,168,63,0,0,1,1,0,0,14,11,5,0,2044,500,854,187,9501,4494,6520,1855,33,0,0,0,0,0,0,0,0,0,0,0,0,0,0,0,40960,0,5,0,40960,0,0,0,0,0,0,0,0,0,0,0,b'\xbe\xda\x0c\x10\x02\x00[\x9ea\x98\x00\x01\x01\xc0\x02\x16\x02\xc2\x02',,2634225673,0,2018-09-16 15:58:47,2018-09-16 15:58:48.497000,2018-09-16 15:59:49.548000,0:00:00.500000,1,0,1,2:00:00
567,2634225673,1,gx4mv66pvj3xz,2570921597,2,CHOOSE,1633746601,29121,1,2,,,,13565288442801506957,0,SYS,0,203,0,39,0,0,0,39,0,0,0,2,0,1,0,0,0,2,0,299,0,164,0,998,0,1714,0,13,0,0,0,0,0,0,0,0,0,0,0,0,0,0,0,16384,0,2,0,16384,0,0,0,0,0,0,0,0,0,0,0,b'\xbe\xda\x0c\x10\x02\x00[\x9ea\x97\x00\x01\x01\xc0\x02\x16\x04\xc3\x02\x08\x0c',,2634225673,0,2018-09-16 15:58:47,2018-09-16 15:58:48.497000,2018-09-16 15:59:49.548000,0:00:00.500000,1,0,1,2:00:00
567,2634225673,1,gtsrg3tpgcp65,1666637656,6,ALL_ROWS,1328910508,36408,1,1,,,,11035615718499914661,0,SYS,0,1,1,1,1,0,0,1,1,0,0,1,0,0,0,1,1,51,51,107,107,1,1,23775,23775,24503,24503,194,194,0,0,0,0,0,0,0,0,0,0,0,0,0,0,417792,417792,35,35,417792,417792,0,0,0,0,0,0,0,0,0,0,,,2634225673,0,2018-09-16 15:58:47,2018-09-16 15:58:48.497000,2018-09-16 15:59:49.548000,0:00:00.500000,1,0,1,2:00:00
567,2634225673,1,grwydz59pu6mc,3684871272,1,CHOOSE,2035934494,29030,2,2,,,,9832334080088090732,0,SYS,0,130,109,130,109,0,0,130,109,0,0,3,0,1,0,130,109,4,2,270,226,130,109,3802,1998,3632,2183,27,16,0,0,0,0,0,0,0,0,0,0,0,0,0,0,32768,0,4,0,32768,0,0,0,0,0,0,0,0,0,0,0,,,2634225673,0,2018-09-16 15:58:47,2018-09-16 15:58:48.497000,2018-09-16 15:59:49.548000,0:00:00.500000,1,0,1,2:00:00
567,2634225673,1,gngtvs38t0060,3679945446,6,CHOOSE,3316887484,72668,1,1,sqlplus@cisk.rs2.com (TNS V1-V3),,,15217364541437386770,0,SYS,0,76,45,76,45,76,45,76,45,0,0,1,0,0,0,76,45,6,0,350,90,0,0,10314,1826,9216,2344,40,0,0,0,0,0,0,0,0,0,0,0,0,0,0,0,49152,0,6,0,49152,0,0,0,0,0,0,0,0,0,0,0,b'\xbe\xda\x0c\x10\x02\x00[\x9ea\x98\x00\x02\x03\xc0\x02\x16\x04\xc3\x02#W\xc0\x02\x16\x04\xc3\x02#W',,2634225673,0,2018-09-16 15:58:47,2018-09-16 15:58:48.497000,2018-09-16 15:59:49.548000,0:00:00.500000,1,0,1,2:00:00
567,2634225673,1,gd28w82ct6rva,2970138452,2,CHOOSE,2075687385,24920,1,2,,,,17301900507670644855,0,SYS,0,344,88,0,0,0,0,344,88,0,0,3,1,1,0,22,17,0,0,1080,279,344,88,8001,2999,5395,1680,0,0,0,0,0,0,0,0,0,0,0,0,0,0,0,0,0,0,0,0,0,0,0,0,0,0,0,0,0,0,0,0,b'\xbe\xda\x0c\x10\x02\x00[\x9ea\x98\x00\x01\x01\xc0\x02\x16\x03\xc2R/',,2634225673,0,2018-09-16 15:58:47,2018-09-16 15:58:48.497000,2018-09-16 15:59:49.548000,0:00:00.500000,1,0,1,2:00:00
567,2634225673,1,ga9j9xk5cy9s0,1697022209,3,CHOOSE,3316887484,23557,1,1,,,,1732549867927898389,0,SYS,0,300,139,130,62,0,0,130,62,0,0,1,0,0,0,130,62,107,48,843,359,170,77,11257,4269,7941,3780,963,575,0,0,0,0,0,0,0,0,0,0,0,0,0,0,876544,393216,107,48,876544,393216,0,0,0,0,0,0,0,0,0,0,b'\xbe\xda\x0c\x10\x02\x00[\x9ea\x98\x00\x03\x07\xc0\x02\x16\x04\xc3\x02#W\xc0\x02\x16\x01\x80\xc0\x02\x16\x06\xc5\x03\x02!B]',,2634225673,0,2018-09-16 15:58:47,2018-09-16 15:58:48.497000,2018-09-16 15:59:49.548000,0:00:00.500000,1,0,1,2:00:00
567,2634225673,1,g9pu3v9m3q9zm,1565558606,47,ALL_ROWS,2537082850,211770,1,1,,,,9270405800480343677,0,SYS,0,0,0,2,1,0,0,2,1,0,0,1,0,0,0,2,1,18,0,735,36,0,0,26761,0,27220,409,127,0,0,0,0,0,0,0,0,0,0,0,0,0,0,0,147456,0,18,0,147456,0,0,0,0,0,0,0,0,0,0,0,b'\xbe\xda\x0c\x10\x02\x00[\x9ea\x99\x00\x03\x07\xc0\x02\x16\x03\xc2\x07\x11\xc0\x02\x16\x06\xc5\x1b#\x179J\x01\x01',,2634225673,0,2018-09-16 15:58:47,2018-09-16 15:58:48.497000,2018-09-16 15:59:49.548000,0:00:00.500000,1,0,1,2:00:00
567,2634225673,1,g8gkh6rzw6b5h,69295957,14,ALL_ROWS,1189962988,68367,1,1,,,,14088207105025707039,0,SYS,0,1,1,1,1,0,0,1,1,0,0,1,0,0,0,1,1,512,512,2874,2874,0,0,31001,31001,31746,31746,2650,2650,0,0,0,0,55,55,0,0,0,0,0,0,0,0,4308992,4308992,502,502,4308992,4308992,0,0,0,0,0,0,0,0,0,0,b'\xbe\xda\x0c\x10\x02\x00[\x9ea\x9a\x00\x02\x03\xc0\x02\x16\x02\xc1\x03\xc0\x0c\x07\x07xv\t\x10\x10;3',,2634225673,0,2018-09-16 15:58:47,2018-09-16 15:58:48.497000,2018-09-16 15:59:49.548000,0:00:00.500000,1,0,1,2:00:00
567,2634225673,1,fzrshwabvtwc0,3066352888,1,CHOOSE,2075687385,28920,2,2,,,,18130873001931259903,0,SYS,0,2,1,2,1,0,0,2,1,0,0,2,0,0,0,2,1,3,0,44,4,2,1,1998,1000,1295,438,21,0,0,0,0,0,0,0,0,0,0,0,0,0,0,0,24576,0,3,0,24576,0,0,0,0,0,0,0,0,0,0,0,,,2634225673,0,2018-09-16 15:58:47,2018-09-16 15:58:48.497000,2018-09-16 15:59:49.548000,0:00:00.500000,1,0,1,2:00:00
567,2634225673,1,fur78fafyqrkn,464905202,83987,ALL_ROWS,3207304630,106660,1,1,SQL*Plus,,,12240719946032218411,97,TPCDS1,97,169,169,1,1,3,3,1,1,0,0,1,0,0,0,1,1,48026,48026,55121,55121,2513,2513,1407974,1407974,1417236,1417236,72311,72311,0,0,0,0,0,0,3,3,0,0,0,0,0,0,393568256,393568256,574,574,393543680,393543680,1,1,24576,24576,0,0,0,0,0,0,,,2634225673,0,2018-09-16 15:58:47,2018-09-16 15:58:48.497000,2018-09-16 15:59:49.548000,0:00:00.500000,1,0,1,2:00:00
567,2634225673,1,frjd8zfy2jfdq,987782979,1,CHOOSE,1616013103,55784,2,2,,,,8279446108029862908,0,SYS,0,21,17,21,17,0,0,21,17,0,0,2,0,0,0,21,17,0,0,16,2,21,17,3991,993,5015,2045,0,0,0,0,0,0,0,0,0,0,0,0,0,0,0,0,0,0,0,0,0,0,0,0,0,0,0,0,0,0,0,0,b'\xbe\xda\x0c\x10\x02\x00[\x9ea\x98\x00\x02\x03\xf0\x01 \x00\xb2\rfm1gpkftdrr1j\xf0\x01 \x00\xb2\x03SYS',,2634225673,0,2018-09-16 15:58:47,2018-09-16 15:58:48.497000,2018-09-16 15:59:49.548000,0:00:00.500000,1,0,1,2:00:00
567,2634225673,1,fqtzxh9nv5jk1,408075016,2,CHOOSE,1460167847,37203,2,2,,,,9196670111622810998,0,SYS,0,3,2,3,2,0,0,3,2,0,0,2,0,0,0,3,2,3,1,52,28,3,2,2004,1008,1633,818,24,8,0,0,0,0,0,0,0,0,0,0,0,0,0,0,24576,0,3,0,24576,0,0,0,0,0,0,0,0,0,0,0,b'\xbe\xda\x0c\x10\x02\x00[\x9ea\x9b\x00\x01\x01\xc0\x02\x16\x04\xc3\x02J\x17',,2634225673,0,2018-09-16 15:58:47,2018-09-16 15:58:48.497000,2018-09-16 15:59:49.548000,0:00:00.500000,1,0,1,2:00:00
567,2634225673,1,f6cz4n8y72xdc,86676974,1,CHOOSE,2075687385,19409,1,1,,,,10221653953290058482,0,SYS,0,1,1,0,0,0,0,1,1,0,0,1,0,0,0,1,1,15747,15747,953665,953665,1,1,1539844,1539844,1546124,1546124,31154,31154,0,0,0,0,1084,1084,0,0,0,0,0,0,0,0,128999424,128999424,1747,1747,128999424,128999424,0,0,0,0,0,0,0,0,0,0,,,2634225673,0,2018-09-16 15:58:47,2018-09-16 15:58:48.497000,2018-09-16 15:59:49.548000,0:00:00.500000,1,0,1,2:00:00
567,2634225673,1,f3g84j69n0tjh,2335623859,2,CHOOSE,2075687385,20920,1,2,,,,7238969627649178054,0,SYS,0,30,18,30,18,0,0,30,18,0,0,1,1,0,0,11,7,1,0,30,18,0,0,0,0,1401,434,7,0,0,0,0,0,0,0,0,0,0,0,0,0,0,0,8192,0,1,0,8192,0,0,0,0,0,0,0,0,0,0,0,b'\xbe\xda\x0c\x10\x02\x00[\x9ea\x98\x00\x01\x01\xc0\x02\x16\x03\xc2M_',,2634225673,0,2018-09-16 15:58:47,2018-09-16 15:58:48.497000,2018-09-16 15:59:49.548000,0:00:00.500000,1,0,1,2:00:00
567,2634225673,1,f3g84j69n0tjh,914792125,49,CHOOSE,1633746601,20920,1,2,,,,7238969627649178054,0,SYS,0,17,0,17,0,17,0,17,0,0,0,1,0,0,0,1,0,3,0,169,0,0,0,1998,0,2193,0,20,0,0,0,0,0,0,0,0,0,0,0,0,0,0,0,24576,0,3,0,24576,0,0,0,0,0,0,0,0,0,0,0,b'\xbe\xda\x0c\x10\x02\x00[\x9ea\x97\x00\x01\x01\xc0\x02\x16\x03\xc2\x08\x1c',,2634225673,0,2018-09-16 15:58:47,2018-09-16 15:58:48.497000,2018-09-16 15:59:49.548000,0:00:00.500000,1,0,1,2:00:00
567,2634225673,1,f0h5rpzmhju11,2529664852,1,CHOOSE,3316887484,55184,2,2,,,,16513070318098471641,0,SYS,0,6,3,0,0,12,6,6,3,0,0,2,0,0,0,6,3,0,0,0,0,6,3,2982,1999,3760,2084,0,0,0,0,0,0,0,0,0,0,0,0,0,0,0,0,0,0,0,0,0,0,0,0,0,0,0,0,0,0,0,0,,,2634225673,0,2018-09-16 15:58:47,2018-09-16 15:58:48.497000,2018-09-16 15:59:49.548000,0:00:00.500000,1,0,1,2:00:00
567,2634225673,1,dzp7z2burz59s,3425234845,1,CHOOSE,2075687385,137292,1,1,,,,16256016218582427053,0,SYS,0,0,0,0,0,0,0,0,0,0,0,1,0,0,0,1,1,11,11,337,337,0,0,6912,6912,6998,6998,104,104,0,0,0,0,119,119,0,0,0,0,0,0,0,0,90112,90112,11,11,90112,90112,0,0,0,0,0,0,0,0,0,0,,,2634225673,0,2018-09-16 15:58:47,2018-09-16 15:58:48.497000,2018-09-16 15:59:49.548000,0:00:00.500000,1,0,1,2:00:00
567,2634225673,1,dp2c6pq28u5jr,1750143696,4573,CHOOSE,2075687385,327685,1,1,,,,6347474309612704035,0,SYS,0,1,1,1,1,0,0,1,1,0,0,1,0,0,0,1,1,3,3,30538,30538,1,1,68947,68947,68818,68818,23,23,0,0,0,0,0,0,0,0,0,0,0,0,0,0,24576,24576,3,3,24576,24576,0,0,0,0,0,0,0,0,0,0,,,2634225673,0,2018-09-16 15:58:47,2018-09-16 15:58:48.497000,2018-09-16 15:59:49.548000,0:00:00.500000,1,0,1,2:00:00
567,2634225673,1,ddyb0a3bnxaw8,0,0,CHOOSE,2075687385,19579,1,1,,,,0,0,SYS,0,0,0,1,1,0,0,1,1,0,0,1,0,0,0,1,1,42,42,2322,2322,1,1,30391,30391,31246,31246,251,251,0,0,0,0,0,0,0,0,0,0,0,0,0,0,573440,573440,56,56,573440,573440,0,0,0,0,0,0,0,0,0,0,,,2634225673,0,2018-09-16 15:58:47,2018-09-16 15:58:48.497000,2018-09-16 15:59:49.548000,0:00:00.500000,1,0,1,2:00:00
567,2634225673,1,d9vzav10pcpfh,38951289,35,CHOOSE,2075687385,84447,1,1,,,,14807515372323070895,0,SYS,0,2,2,2,2,2,2,2,2,0,0,1,0,0,0,2,2,60,60,512,512,2,2,40214,40214,41065,41065,376,376,0,0,0,0,325,325,0,0,0,0,0,0,0,0,491520,491520,60,60,491520,491520,0,0,0,0,0,0,0,0,0,0,,,2634225673,0,2018-09-16 15:58:47,2018-09-16 15:58:48.497000,2018-09-16 15:59:49.548000,0:00:00.500000,1,0,1,2:00:00
567,2634225673,1,d2xthxxp6r8da,2777215027,5326,CHOOSE,2075687385,601145,1,1,,,,2504147656797182765,0,SYS,0,10,10,1,1,17,17,1,1,0,0,1,0,0,0,1,1,15,15,3492,3492,9,9,121228,121228,123147,123147,463,463,0,0,0,0,35,35,0,0,0,0,0,0,0,0,237568,237568,22,22,237568,237568,0,0,0,0,0,0,0,0,0,0,b'\xbe\xda\x0c\x10\x02\x00[\x9ea\x9b\x00\x08\x18\xc0\x02\x16\x01\x80\xc0\x02\x16\x02\xc1\x02',,2634225673,0,2018-09-16 15:58:47,2018-09-16 15:58:48.497000,2018-09-16 15:59:49.548000,0:00:00.500000,1,0,1,2:00:00
567,2634225673,1,cvn54b7yz0s8u,3246118364,3,CHOOSE,3316887484,23557,1,1,,,,10497382246625953311,0,SYS,0,548,402,51,14,0,0,130,62,0,0,1,0,0,0,130,62,726,621,2087,1537,497,388,14003,12006,18681,13743,4470,3863,0,0,0,0,0,0,0,0,0,0,0,0,0,0,5947392,5087232,726,621,5947392,5087232,0,0,0,0,0,0,0,0,0,0,b'\xbe\xda\x0c\x10\x02\x00[\x9ea\x98\x00\x03\x07\xc0\x02\x16\x04\xc3\x02#W\xc0\x02\x16\x01\x80\xc0\x02\x16\x06\xc5\x03\x02!B]',,2634225673,0,2018-09-16 15:58:47,2018-09-16 15:58:48.497000,2018-09-16 15:59:49.548000,0:00:00.500000,1,0,1,2:00:00
567,2634225673,1,csnp95dz2r8ss,1329207485,7,CHOOSE,2075687385,19438,1,1,,,,4754133932328355762,0,SYS,0,20,20,20,20,0,0,20,20,0,0,1,0,0,0,20,20,3,3,521,521,0,0,2603,2603,3103,3103,20,20,0,0,0,0,0,0,0,0,0,0,0,0,0,0,24576,24576,3,3,24576,24576,0,0,0,0,0,0,0,0,0,0,b'\xbe\xda\x0c\x10\x02\x00[\x9ea\x9a\x00\x01\x01\xc0\x02\x16\x01\x80',,2634225673,0,2018-09-16 15:58:47,2018-09-16 15:58:48.497000,2018-09-16 15:59:49.548000,0:00:00.500000,1,0,1,2:00:00
567,2634225673,1,cnq31548hb8un,0,0,CHOOSE,2075687385,23669,1,1,,,,0,0,SYS,0,0,0,1,1,0,0,1,1,0,0,1,0,0,0,1,1,272,272,3329,3329,1,1,42509,42509,43934,43934,1904,1904,0,0,0,0,1091,1091,0,0,0,0,0,0,0,0,2228224,2228224,272,272,2228224,2228224,0,0,0,0,0,0,0,0,0,0,,,2634225673,0,2018-09-16 15:58:47,2018-09-16 15:58:48.497000,2018-09-16 15:59:49.548000,0:00:00.500000,1,0,1,2:00:00
567,2634225673,1,cn6hhn36a4rrs,3845132125,2,CHOOSE,2075687385,45227,2,2,,,,9884589347181778471,0,SYS,0,216,71,207,63,0,0,207,63,0,0,3,1,1,0,14,11,1,0,432,142,9,8,5556,1001,4524,1198,6,0,0,0,0,0,0,0,0,0,0,0,0,0,0,0,8192,0,1,0,8192,0,0,0,0,0,0,0,0,0,0,0,b'\xbe\xda\x0c\x10\x02\x00[\x9ea\x98\x00\x01\x01\xc0\x02\x16\x02\xc2\x02',,2634225673,0,2018-09-16 15:58:47,2018-09-16 15:58:48.497000,2018-09-16 15:59:49.548000,0:00:00.500000,1,0,1,2:00:00
567,2634225673,1,cb21bacyh3c7d,3452538079,1,CHOOSE,3316887484,73584,4,4,,,,10164673401669509915,0,SYS,0,12,6,12,6,0,0,12,6,0,0,4,0,0,0,12,6,9,0,102,48,12,6,8593,5003,8081,4530,58,0,0,0,0,0,1060,0,0,0,0,0,0,0,0,0,73728,0,9,0,73728,0,0,0,0,0,0,0,0,0,0,0,,,2634225673,0,2018-09-16 15:58:47,2018-09-16 15:58:48.497000,2018-09-16 15:59:49.548000,0:00:00.500000,1,0,1,2:00:00
567,2634225673,1,c7ams5jd916qn,1764404855,6,CHOOSE,2075687385,151507,1,1,,,,18090548383626577992,0,SYS,0,6,6,6,6,6,6,6,6,0,0,1,0,0,0,6,6,0,0,38,38,0,0,5758,5758,6566,6566,0,0,0,0,0,0,0,0,0,0,0,0,0,0,0,0,0,0,0,0,0,0,0,0,0,0,0,0,0,0,0,0,b'\xbe\xda\x0c\x10\x02\x00[\x9ea\x9b\x00\n\x9e\x03\xc0\x02\x16\x01\x80\xc0\x02\x16\x02\xc1\x02\xc0\x02\x16\x04\xc3\x02KQ\xc0\x02\x16\x04\xc3\x02KQ\xc0\x02\x16\x02\xc1\x03\xf0\x01 \x00\xb2\x0fDefaultServiceQ\xc0\x02\x16\x02\xc1\x02',,2634225673,0,2018-09-16 15:58:47,2018-09-16 15:58:48.497000,2018-09-16 15:59:49.548000,0:00:00.500000,1,0,1,2:00:00
567,2634225673,1,c6awqs517jpj0,1319326155,3,CHOOSE,3316887484,23560,1,1,,,,5248879696856552772,0,SYS,0,195,88,130,62,0,0,130,62,0,0,1,0,0,0,130,62,90,39,550,217,65,26,5938,1000,5863,2442,576,279,0,0,0,0,0,0,0,0,0,0,0,0,0,0,737280,319488,90,39,737280,319488,0,0,0,0,0,0,0,0,0,0,b'\xbe\xda\x0c\x10\x02\x00[\x9ea\x98\x00\x03\x07\xc0\x02\x16\x04\xc3\x02#W\xc0\x02\x16\x01\x80\xc0\x02\x16\x06\xc5\x03\x02!B]',,2634225673,0,2018-09-16 15:58:47,2018-09-16 15:58:48.497000,2018-09-16 15:59:49.548000,0:00:00.500000,1,0,1,2:00:00
567,2634225673,1,c2p32r5mzv8hb,0,0,CHOOSE,2075687385,19578,1,1,,,,0,0,SYS,0,0,0,1,1,0,0,1,1,0,0,1,0,0,0,1,1,547,547,4354,4354,1,1,46325,46325,47483,47483,2853,2853,0,0,0,0,55,55,0,0,0,0,0,0,0,0,4710400,4710400,533,533,4710400,4710400,0,0,0,0,0,0,0,0,0,0,,,2634225673,0,2018-09-16 15:58:47,2018-09-16 15:58:48.497000,2018-09-16 15:59:49.548000,0:00:00.500000,1,0,1,2:00:00
567,2634225673,1,by5m10t5s8fpq,1764404855,6,CHOOSE,2075687385,151413,1,1,,,,11078214319793092377,0,SYS,0,1,1,1,1,1,1,1,1,0,0,1,0,0,0,1,1,1,1,46,46,0,0,6987,6987,6939,6939,9,9,0,0,0,0,0,0,0,0,0,0,0,0,0,0,8192,8192,1,1,8192,8192,0,0,0,0,0,0,0,0,0,0,b'\xbe\xda\x0c\x10\x02\x00[\x9ea\x9b\x00\x07\x1e\xc0\x02\x16\x01\x80\xc0\x02\x16\x02\xc1\x02\xc0\x02\x16\x04\xc3\x02KQ\xc0\x02\x16\x04\xc3\x02KQ',,2634225673,0,2018-09-16 15:58:47,2018-09-16 15:58:48.497000,2018-09-16 15:59:49.548000,0:00:00.500000,1,0,1,2:00:00
567,2634225673,1,bvkckyya5hyqx,395742348,2,CHOOSE,3316887484,47214,2,2,,,,3237195212696953226,0,SYS,0,6,3,0,0,0,0,6,3,0,0,2,0,0,0,6,3,0,0,63,33,6,3,1986,1001,2968,1432,0,0,0,0,0,0,0,0,0,0,0,0,0,0,0,0,0,0,0,0,0,0,0,0,0,0,0,0,0,0,0,0,b'\xbe\xda\x0c\x10\x02\x00[\x9ea\x98\x00\x01\x01\xf0\x01 \x00\xb2\tSYS$USERS',,2634225673,0,2018-09-16 15:58:47,2018-09-16 15:58:48.497000,2018-09-16 15:59:49.548000,0:00:00.500000,1,0,1,2:00:00
567,2634225673,1,bnznj24yxuzah,1119547374,6,ALL_ROWS,2537082850,142466,1,1,,,,7476223213321459256,0,SYS,0,0,0,2,1,2,1,2,1,0,0,1,0,0,0,2,1,10,0,297,6,26,13,10002,2001,10152,2159,60,0,0,0,0,0,0,0,0,0,0,0,0,0,0,0,4014080,1966080,250,120,4014080,1966080,0,0,0,0,0,0,0,0,0,0,,,2634225673,0,2018-09-16 15:58:47,2018-09-16 15:58:48.497000,2018-09-16 15:59:49.548000,0:00:00.500000,1,0,1,2:00:00
567,2634225673,1,bb926a5dcb8kr,3530933756,2,CHOOSE,2075687385,201759,2,2,,,,15864925192918233104,0,SYS,0,0,0,66,63,0,0,66,63,0,0,2,0,0,0,66,63,14,2,963,602,66,63,20396,14433,22502,16581,97,15,0,0,0,0,283,283,0,0,0,0,0,0,0,0,114688,0,14,0,114688,0,0,0,0,0,0,0,0,0,0,0,b'\xbe\xda\x0c\x10\x02\x00[\x9ea\x9a\x00\x19\xff\x03\x04\x00\xc0\x02\x16\x02\xc1\x05\xc0\x02\x16\x01\x80\x01\x02\x01\x02\x01\x01\x01\x02\x01\x01\x01\x02\x01\x02\x01\x01\x01\x01',,2634225673,0,2018-09-16 15:58:47,2018-09-16 15:58:48.497000,2018-09-16 15:59:49.548000,0:00:00.500000,1,0,1,2:00:00
567,2634225673,1,b9p45hkcx0pwh,1388734953,2,CHOOSE,2075687385,19327,1,1,,,,13287753054718822793,0,SYS,0,1,1,1,1,0,0,1,0,0,0,1,0,0,0,1,0,304,281,5409,4586,1,1,78996,74094,1739457,1734550,1597685,1597534,0,0,0,0,0,0,8,8,0,0,0,0,0,0,11166270,10977854,287,264,11059200,10870784,18,18,107070,107070,0,0,0,0,0,0,,,2634225673,0,2018-09-16 15:58:47,2018-09-16 15:58:48.497000,2018-09-16 15:59:49.548000,0:00:00.500000,1,0,1,2:00:00
567,2634225673,1,b1wc53ddd6h3p,1637390370,2,CHOOSE,3316887484,19388,1,1,,,,18141995221362702588,0,SYS,0,82,45,82,45,0,0,82,45,0,0,1,0,0,0,82,45,22,2,291,135,82,45,2999,2000,3341,1262,147,16,0,0,0,0,0,0,0,0,0,0,0,0,0,0,180224,16384,22,2,180224,16384,0,0,0,0,0,0,0,0,0,0,b'\xbe\xda\x0c\x10\x02\x00[\x9ea\x98\x00\x01\x01\xc0\x02\x16\x04\xc3\x02#W',,2634225673,0,2018-09-16 15:58:47,2018-09-16 15:58:48.497000,2018-09-16 15:59:49.548000,0:00:00.500000,1,0,1,2:00:00
567,2634225673,1,asvzxj61dc5vs,3028786551,2,CHOOSE,1616013103,19390,1,1,,,,0,0,SYS,0,281,59,281,59,0,0,281,59,0,0,1,0,0,0,281,59,1,0,705,147,137,29,5993,0,6758,1686,8,0,0,0,0,0,0,0,0,0,0,0,0,0,0,0,8192,0,1,0,8192,0,0,0,0,0,0,0,0,0,0,0,b'\xbe\xda\x0c\x10\x02\x00[\x9ea\x98\x00\x01\x01\xc0\x02\x16\x06\xc5+_`\x0b\x19',,2634225673,0,2018-09-16 15:58:47,2018-09-16 15:58:48.497000,2018-09-16 15:59:49.548000,0:00:00.500000,1,0,1,2:00:00
567,2634225673,1,akk9bpbxjkj2g,4040065131,1,ALL_ROWS,2537082850,36044,1,1,,,,11801518206500241578,0,SYS,0,0,0,2,1,0,0,2,1,0,0,1,0,0,0,2,1,27,19,353,58,161,161,5804,1807,44126,40556,39132,39070,0,0,0,0,0,0,0,0,0,0,0,0,0,0,221184,155648,27,19,221184,155648,0,0,0,0,0,0,0,0,0,0,,,2634225673,0,2018-09-16 15:58:47,2018-09-16 15:58:48.497000,2018-09-16 15:59:49.548000,0:00:00.500000,1,0,1,2:00:00
567,2634225673,1,afx304d90ps3z,2144485289,2,CHOOSE,1616013103,23528,1,1,,,,0,0,SYS,0,128,27,128,27,0,0,128,27,0,0,1,0,0,0,128,27,9,0,417,81,128,27,4000,999,3691,761,67,0,0,0,0,0,0,0,0,0,0,0,0,0,0,0,73728,0,9,0,73728,0,0,0,0,0,0,0,0,0,0,0,b'\xbe\xda\x0c\x10\x02\x00[\x9ea\x98\x00\x01\x01\xc0\x02\x16\x06\xc5+_`\x0b\x19',,2634225673,0,2018-09-16 15:58:47,2018-09-16 15:58:48.497000,2018-09-16 15:59:49.548000,0:00:00.500000,1,0,1,2:00:00
567,2634225673,1,9zg9qd9bm4spu,2447725225,1,CHOOSE,3316887484,45786,2,2,Golden32.exe,,,0,0,SYS,0,0,0,3,3,0,0,3,3,0,0,2,0,0,0,3,3,0,0,12,12,3,3,3831,3831,4556,4556,0,0,0,0,0,0,0,0,0,0,0,0,0,0,0,0,0,0,0,0,0,0,0,0,0,0,0,0,0,0,0,0,b'\xbe\xda\x0c\x10\x02\x00[\x9ea\xb6\x00\x03\x04\xc0\x02\x16\x02\xc1b',,2634225673,0,2018-09-16 15:58:47,2018-09-16 15:58:48.497000,2018-09-16 15:59:49.548000,0:00:00.500000,1,0,1,2:00:00
567,2634225673,1,9p6bq1v54k13j,415205717,2,CHOOSE,3316887484,44342,3,3,,,,4907944166023815120,0,SYS,0,38,16,23,10,0,0,38,16,0,0,5,0,2,0,5,2,0,0,130,64,15,6,2582,684,3882,1087,0,0,0,0,0,0,0,0,0,0,0,0,0,0,0,0,0,0,0,0,0,0,0,0,0,0,0,0,0,0,0,0,b'\xbe\xda\x0c\x10\x02\x00[\x9ea\xab\x00\x01\x01\xf0\x01 \x00\xb2\tDICT.BASE',,2634225673,0,2018-09-16 15:58:47,2018-09-16 15:58:48.497000,2018-09-16 15:59:49.548000,0:00:00.500000,1,0,1,2:00:00
567,2634225673,1,9g485acn2n30m,2544153582,3,CHOOSE,2075687385,45227,2,2,,,,1008029041321349622,0,SYS,0,47,18,47,18,47,18,47,18,0,0,2,1,0,0,12,7,1,0,223,56,0,0,3001,1000,2790,450,7,0,0,0,0,0,0,0,0,0,0,0,0,0,0,0,8192,0,1,0,8192,0,0,0,0,0,0,0,0,0,0,0,b'\xbe\xda\x0c\x10\x02\x00[\x9ea\x98\x00\x01\x01\xc0\x02\x16\x03\xc2M_',,2634225673,0,2018-09-16 15:58:47,2018-09-16 15:58:48.497000,2018-09-16 15:59:49.548000,0:00:00.500000,1,0,1,2:00:00
567,2634225673,1,96g93hntrzjtr,2239883476,1,RULE,1128688608,31691,1,1,,,,11825317804180127446,0,SYS,0,4495,1428,271,77,0,0,4495,1428,0,0,2,1,1,0,24,20,273,45,13214,4207,4224,1351,63388,30142,64855,22735,2358,657,0,0,0,0,0,0,0,0,0,0,0,0,0,0,2236416,368640,273,45,2236416,368640,0,0,0,0,0,0,0,0,0,0,b'\xbe\xda\x0c\x10\x02\x00[\x9ea\x97\x00\x02\x03\xc0\x02\x16\x02\xc1\x13\xc0\x02\x16\x02\xc1\x03',,2634225673,0,2018-09-16 15:58:47,2018-09-16 15:58:48.497000,2018-09-16 15:59:49.548000,0:00:00.500000,1,0,1,2:00:00
567,2634225673,1,8uh6xphq54kh0,2968095032,4,CHOOSE,2075687385,45395,2,2,,,,2617203768063337016,0,SYS,0,279,74,220,57,220,57,220,57,0,0,3,1,1,0,15,12,15,4,493,125,59,17,6779,1000,5639,1663,104,31,0,0,0,0,0,0,0,0,0,0,0,0,0,0,122880,0,15,0,122880,0,0,0,0,0,0,0,0,0,0,0,b'\xbe\xda\x0c\x10\x02\x00[\x9ea\x98\x00\x01\x01\xc0\x02\x16\x02\xc2\x02',,2634225673,0,2018-09-16 15:58:47,2018-09-16 15:58:48.497000,2018-09-16 15:59:49.548000,0:00:00.500000,1,0,1,2:00:00
567,2634225673,1,8u809k64x3nzd,0,0,ALL_ROWS,3207304630,19615,1,1,python3@cisk.rs2.com (TNS V1-V3),,,0,97,TPCDS1,97,0,0,1,1,0,0,1,1,0,0,1,1,0,0,1,0,1653,1622,30307,30155,1,1,764318,759461,995977,988241,230854,230662,0,0,0,0,2141,0,0,0,28112,28112,0,0,0,0,19136512,18882560,1933,1902,19136512,18882560,0,0,0,0,0,0,0,0,0,0,,,2634225673,0,2018-09-16 15:58:47,2018-09-16 15:58:48.497000,2018-09-16 15:59:49.548000,0:00:00.500000,1,0,1,2:00:00
567,2634225673,1,8swypbbr0m372,570326988,3,CHOOSE,3316887484,20945,1,2,,,,734444955242386636,0,SYS,0,1653,1303,190,89,0,0,190,89,0,0,1,0,0,0,190,89,86,34,3306,2606,1463,1214,8531,5381,8704,4786,582,266,0,0,0,0,0,0,0,0,0,0,0,0,0,0,704512,278528,86,34,704512,278528,0,0,0,0,0,0,0,0,0,0,b'\xbe\xda\x0c\x10\x02\x00[\x9ea\x98\x00\x01\x01\xc0\x02\x16\x04\xc3\x02#W',,2634225673,0,2018-09-16 15:58:47,2018-09-16 15:58:48.497000,2018-09-16 15:59:49.548000,0:00:00.500000,1,0,1,2:00:00
567,2634225673,1,87gaftwrm2h68,1072382624,3,CHOOSE,2075687385,45234,2,2,,,,4469127190608007764,0,SYS,0,862,289,282,63,0,0,862,289,0,0,3,1,1,0,22,18,46,26,2304,804,580,226,17634,6653,14504,4873,269,137,0,0,0,0,0,0,0,0,0,0,0,0,0,0,376832,0,46,0,376832,0,0,0,0,0,0,0,0,0,0,0,b'\xbe\xda\x0c\x10\x02\x00[\x9ea\x98\x00\x01\x01\xc0\x02\x16\x03\xc2R0',,2634225673,0,2018-09-16 15:58:47,2018-09-16 15:58:48.497000,2018-09-16 15:59:49.548000,0:00:00.500000,1,0,1,2:00:00
567,2634225673,1,84zqd7a3ap5ud,3652932668,1,ALL_ROWS,2537082850,27714,1,1,,,,7492815904143395223,0,SYS,0,0,0,2,1,0,0,2,1,0,0,1,0,0,0,2,1,118,69,3893,1883,2356,1178,33266,15644,51270,33490,19926,19608,0,0,0,0,0,0,0,0,0,0,0,0,0,0,966656,565248,118,69,966656,565248,0,0,0,0,0,0,0,0,0,0,,,2634225673,0,2018-09-16 15:58:47,2018-09-16 15:58:48.497000,2018-09-16 15:59:49.548000,0:00:00.500000,1,0,1,2:00:00
567,2634225673,1,7u49y06aqxg1s,3312420081,1,RULE,1128688608,23536,1,1,,,,14772652685964094379,0,SYS,0,2193,704,687,189,2193,704,2193,704,0,0,2,2,1,1,17,12,672,122,7461,2401,34359,11711,81674,19866,96641,31713,4805,985,0,0,0,0,0,0,0,0,0,0,0,0,0,0,5505024,999424,672,122,5505024,999424,0,0,0,0,0,0,0,0,0,0,b'\xbe\xda\x0c\x10\x02\x00[\x9ea\x97\x00\x03\x07\xc0\x02\x16\x02\xc1\x13\xc0\x02\x16\x02\xc1\x04\xc0\x02\x16\x01\x80',,2634225673,0,2018-09-16 15:58:47,2018-09-16 15:58:48.497000,2018-09-16 15:59:49.548000,0:00:00.500000,1,0,1,2:00:00
567,2634225673,1,7qst2kv4mtkv5,1208013132,9,CHOOSE,2075687385,283870,1,1,,,,15862041505265575983,0,SYS,0,1,1,1,1,6,6,1,1,0,0,1,0,0,0,1,1,0,0,29,29,0,0,18749,18749,18892,18892,0,0,0,0,0,0,0,0,0,0,0,0,0,0,0,0,114688,114688,7,7,114688,114688,0,0,0,0,0,0,0,0,0,0,b'\xbe\xda\x0c\x10\x02\x00[\x9ea\x9b\x00\x0b\xdc\x07\xc0\x02\x16\x02\xc1\x02\xf0\x01 \x00\xb2\x011\xc0\x02\x16\x02\xc1\x02\xc0\x02\x16\x02\xc1\x02\xf0\x01 \x00\xb2\x011\xc0\x02\x16\x02\xc1\x02\xc0\x02\x16\x01\x80\xc0\x02\x16\x02\xc1\x02',,2634225673,0,2018-09-16 15:58:47,2018-09-16 15:58:48.497000,2018-09-16 15:59:49.548000,0:00:00.500000,1,0,1,2:00:00
567,2634225673,1,7kmbrw7q8hn4g,0,0,CHOOSE,2075687385,31824,1,1,,,,0,0,SYS,0,0,0,2,2,0,0,2,2,0,0,1,0,0,0,2,2,176,176,2242,2242,2,2,60208,60208,62386,62386,1056,1056,0,0,0,0,449,449,0,0,0,0,0,0,0,0,1556480,1556480,183,183,1556480,1556480,0,0,0,0,0,0,0,0,0,0,,,2634225673,0,2018-09-16 15:58:47,2018-09-16 15:58:48.497000,2018-09-16 15:59:49.548000,0:00:00.500000,1,0,1,2:00:00
567,2634225673,1,7hj57uz99sm9k,4141019660,,CHOOSE,2469528743,8908,0,2,,,,10081530545868203529,0,SYS,0,2,1,0,0,0,0,2,1,0,0,2,0,0,0,2,1,0,0,6,3,2,1,1001,0,1546,685,0,0,0,0,0,0,0,0,0,0,0,0,0,0,0,0,0,0,0,0,0,0,0,0,0,0,0,0,0,0,0,0,b'\xbe\xda\x0c\x10\x02\x00\xff\xff\xfc|\x00\x01\x01\xc0\x02\x16\x03\xc2\x07\x1c',,2634225673,0,2018-09-16 15:58:47,2018-09-16 15:58:48.497000,2018-09-16 15:59:49.548000,0:00:00.500000,1,0,1,2:00:00
567,2634225673,1,7fwum1yuknrsh,2035254952,2,CHOOSE,2075687385,53781,1,2,,,,15916040624187947911,0,SYS,0,232,88,0,0,232,88,232,88,0,0,1,1,0,0,21,17,53,13,1192,455,232,88,12610,4964,12139,5154,412,88,0,0,0,0,0,0,0,0,0,0,0,0,0,0,434176,106496,53,13,434176,106496,0,0,0,0,0,0,0,0,0,0,b'\xbe\xda\x0c\x10\x02\x00[\x9ea\x98\x00\x01\x01\xc0\x02\x16\x03\xc2R/',,2634225673,0,2018-09-16 15:58:47,2018-09-16 15:58:48.497000,2018-09-16 15:59:49.548000,0:00:00.500000,1,0,1,2:00:00
567,2634225673,1,7fwum1yuknrsh,1274438249,2,CHOOSE,1633746601,53781,1,2,,,,15916040624187947911,0,SYS,0,112,0,0,0,112,0,112,0,0,0,2,0,1,0,1,0,64,0,573,0,112,0,7999,0,5346,0,441,0,0,0,0,0,0,0,0,0,0,0,0,0,0,0,524288,0,64,0,524288,0,0,0,0,0,0,0,0,0,0,0,b'\xbe\xda\x0c\x10\x02\x00[\x9ea\x97\x00\x01\x01\xc0\x02\x16\x03\xc2\x04<',,2634225673,0,2018-09-16 15:58:47,2018-09-16 15:58:48.497000,2018-09-16 15:59:49.548000,0:00:00.500000,1,0,1,2:00:00
567,2634225673,1,7d0ffav06dqyd,1208013132,9,CHOOSE,2075687385,283954,1,1,,,,17786458624310781831,0,SYS,0,1,1,1,1,6,6,1,1,0,0,1,0,0,0,1,1,3,3,64,64,0,0,21698,21698,21566,21566,24,24,0,0,0,0,0,0,0,0,0,0,0,0,0,0,139264,139264,10,10,139264,139264,0,0,0,0,0,0,0,0,0,0,b'\xbe\xda\x0c\x10\x02\x00[\x9ea\x9b\x00\x0b\xdc\x07\xc0\x02\x16\x02\xc1\x03\xf0\x01 \x00\xb2\x0fDefaultServiceQ\xc0\x02\x16\x06\xc5+_aI`\xc0\x02\x16\x02\xc1\x03\xf0\x01 \x00\xb2\x0fDefaultServiceQ\xc0\x02\x16\x06\xc5+_aI`\xc0\x02\x16\x01\x80\xc0\x02\x16\x02\xc1\x02',,2634225673,0,2018-09-16 15:58:47,2018-09-16 15:58:48.497000,2018-09-16 15:59:49.548000,0:00:00.500000,1,0,1,2:00:00
567,2634225673,1,797vgsw29hag3,1859605799,1,CHOOSE,2075687385,23609,1,1,Streams,AQ LB Coordinator,,2527515241826671032,0,SYS,0,256,256,256,256,256,256,256,256,0,0,1,0,0,0,256,256,0,0,271,271,0,0,5136,5136,9122,9122,0,0,0,0,0,0,0,0,0,0,0,0,0,0,0,0,0,0,0,0,0,0,0,0,0,0,0,0,0,0,0,0,b'\xbe\xda\x0c\x10\x02\x00[\x9ea\xa2\x00\x01\x01\xc0\x02\x16\x02\xc1\x02',,2634225673,0,2018-09-16 15:58:47,2018-09-16 15:58:48.497000,2018-09-16 15:59:49.548000,0:00:00.500000,1,0,1,2:00:00
567,2634225673,1,6xvp6nxs4a9n4,571474032,7,CHOOSE,2075687385,19393,1,1,,,,14505098834841079900,0,SYS,0,20,20,20,20,0,0,20,20,0,0,1,0,0,0,20,20,23,23,539,539,20,20,5300,5300,4541,4541,73,73,0,0,0,0,79,79,0,0,0,0,0,0,0,0,188416,188416,6,6,188416,188416,0,0,0,0,0,0,0,0,0,0,b'\xbe\xda\x0c\x10\x02\x00[\x9ea\x9a\x00\x01\x01\xc0\x02\x16\x01\x80',,2634225673,0,2018-09-16 15:58:47,2018-09-16 15:58:48.497000,2018-09-16 15:59:49.548000,0:00:00.500000,1,0,1,2:00:00
567,2634225673,1,6qz82dptj0qr7,2819763574,3,CHOOSE,3316887484,53520,2,2,,,,14857235450257348920,0,SYS,0,100,32,47,18,47,18,47,18,0,0,2,0,0,0,47,18,9,0,375,56,53,14,4998,0,5551,538,55,0,0,0,0,0,0,0,0,0,0,0,0,0,0,0,73728,0,9,0,73728,0,0,0,0,0,0,0,0,0,0,0,b'\xbe\xda\x0c\x10\x02\x00[\x9ea\x98\x00\x01\x01\xc0\x02\x16\x03\xc2\x02\x1c',,2634225673,0,2018-09-16 15:58:47,2018-09-16 15:58:48.497000,2018-09-16 15:59:49.548000,0:00:00.500000,1,0,1,2:00:00
567,2634225673,1,6n2qqv1brfhpp,3848648847,5,ALL_ROWS,2537082850,39960,1,1,python3@cisk.rs2.com (TNS V1-V3),,,0,0,SYS,0,38,19,0,0,0,0,38,19,0,0,1,0,0,0,38,19,3,0,394,153,38,19,1997,0,3657,730,21,0,0,0,0,0,0,0,0,0,0,0,0,0,0,0,24576,0,3,0,24576,0,0,0,0,0,0,0,0,0,0,0,b'\xbe\xda\x0c\x10\x02\x00[\x9ea\x99\x00\x02\x03\xc0\x02\x16\x02\xc1\x04\xc0\x02\x16\x02\xc1\x04',,2634225673,0,2018-09-16 15:58:47,2018-09-16 15:58:48.497000,2018-09-16 15:59:49.548000,0:00:00.500000,1,0,1,2:00:00
567,2634225673,1,69281qgxn6jp9,2631726364,79,CHOOSE,2075687385,319791,1,1,MMON_SLAVE,Automatic Report Flush,,13715020587882609041,0,SYS,0,1,1,1,1,4,4,1,1,0,0,1,0,0,0,1,1,0,0,206,206,0,0,38392,38392,38982,38982,0,0,0,0,0,0,0,0,0,0,0,0,0,0,0,0,0,0,0,0,0,0,0,0,0,0,0,0,0,0,0,0,,,2634225673,0,2018-09-16 15:58:47,2018-09-16 15:58:48.497000,2018-09-16 15:59:49.548000,0:00:00.500000,1,0,1,2:00:00
567,2634225673,1,65wc7kamkr46r,3425234845,1,CHOOSE,2075687385,134333,1,1,,,,3097388243904926436,0,SYS,0,0,0,0,0,0,0,0,0,0,0,1,0,0,0,1,1,11,11,344,344,0,0,9909,9909,10710,10710,104,104,0,0,0,0,119,119,0,0,0,0,0,0,0,0,90112,90112,11,11,90112,90112,0,0,0,0,0,0,0,0,0,0,,,2634225673,0,2018-09-16 15:58:47,2018-09-16 15:58:48.497000,2018-09-16 15:59:49.548000,0:00:00.500000,1,0,1,2:00:00
567,2634225673,1,644jqx2hk7qg0,2615480013,1,CHOOSE,2075687385,32071,1,1,,,,8287236693664094120,0,SYS,0,1,1,1,1,0,0,1,1,0,0,1,0,0,0,1,1,0,0,0,0,1,1,566933,566933,566522,566522,0,0,0,0,0,0,0,0,0,0,0,0,0,0,0,0,0,0,0,0,0,0,0,0,0,0,0,0,0,0,0,0,,,2634225673,0,2018-09-16 15:58:47,2018-09-16 15:58:48.497000,2018-09-16 15:59:49.548000,0:00:00.500000,1,0,1,2:00:00
567,2634225673,1,616m6uhpa2usu,2556297882,6,CHOOSE,3316887484,208418,3,4,,,,14135361577332416746,0,SYS,0,557,253,218,79,425,154,218,79,0,0,5,2,1,0,20,16,29,5,1803,831,339,174,47955,26623,51715,27582,224,52,0,0,0,0,0,0,0,0,0,0,0,0,0,0,237568,0,29,0,237568,0,0,0,0,0,0,0,0,0,0,0,b'\xbe\xda\x0c\x10\x02\x00[\x9ea\x98\x00\x02\x03\xc0\x02\x16\x03\xc2\x02^\x01\x01',,2634225673,0,2018-09-16 15:58:47,2018-09-16 15:58:48.497000,2018-09-16 15:59:49.548000,0:00:00.500000,1,0,1,2:00:00
567,2634225673,1,616m6uhpa2usu,306576078,,CHOOSE,1723525047,17826,0,4,,,,14135361577332416746,0,SYS,0,5,0,5,0,5,0,5,0,0,0,1,0,0,0,1,0,0,0,15,0,0,0,2981,0,2677,0,0,0,0,0,0,0,0,0,0,0,0,0,0,0,0,0,0,0,0,0,0,0,0,0,0,0,0,0,0,0,0,0,b'\xbe\xda\x0c\x10\x02\x00[\x9ea\x97\x00\x02\x03\xc0\x02\x16\x03\xc2\x04G\x01\x01',,2634225673,0,2018-09-16 15:58:47,2018-09-16 15:58:48.497000,2018-09-16 15:59:49.548000,0:00:00.500000,1,0,1,2:00:00
567,2634225673,1,5r8sf8qp40tj1,2326542284,6,ALL_ROWS,2537082850,53000,2,2,,,,13123605857860688797,0,SYS,0,0,0,25,1,0,0,25,1,0,0,2,0,0,0,25,1,20,7,239,21,23,23,6006,1011,4672,691,156,71,0,0,0,0,0,0,0,0,0,0,0,0,0,0,163840,0,20,0,163840,0,0,0,0,0,0,0,0,0,0,0,,,2634225673,0,2018-09-16 15:58:47,2018-09-16 15:58:48.497000,2018-09-16 15:59:49.548000,0:00:00.500000,1,0,1,2:00:00
567,2634225673,1,5mg4bknjq2dqc,166573174,79,CHOOSE,2075687385,234644,1,1,,,,12151816617386916549,0,SYS,0,2,2,0,0,8,8,2,2,0,0,1,0,0,0,2,2,5,5,769,769,2,2,21617,21617,21611,21611,35,35,0,0,0,0,0,0,0,0,0,0,0,0,0,0,40960,40960,5,5,40960,40960,0,0,0,0,0,0,0,0,0,0,b'\xbe\xda\x0c\x10\x02\x00[\x9ea\x9a\x00\x02\x03\xf0\x01 \x00\xb2\x1dWRI$_OPTSTAT_HISTHEAD_HISTORY\xc0\x02\x16\x02\xc1\x07',,2634225673,0,2018-09-16 15:58:47,2018-09-16 15:58:48.497000,2018-09-16 15:59:49.548000,0:00:00.500000,1,0,1,2:00:00
567,2634225673,1,4mmqayxa4hwb0,678220189,1084,ALL_ROWS,3207304630,36020,1,1,SQL*Plus,,,6274728839232204285,97,TPCDS1,97,4,4,1,1,1,1,1,1,0,0,1,0,0,0,1,1,3610,3610,5535,5535,31,31,80084,80084,82099,82099,13891,13891,0,0,0,0,0,0,0,0,0,0,0,0,0,0,29687808,29687808,2156,2156,29687808,29687808,0,0,0,0,0,0,0,0,0,0,,,2634225673,0,2018-09-16 15:58:47,2018-09-16 15:58:48.497000,2018-09-16 15:59:49.548000,0:00:00.500000,1,0,1,2:00:00
567,2634225673,1,4cr8a32mzvxph,1149183595,1,ALL_ROWS,2537082850,125108,1,1,,,,13906355424930497054,0,SYS,0,0,0,1,1,0,0,1,1,0,0,1,0,0,0,1,1,14,14,856,856,0,0,14750,14750,15098,15098,159,159,0,0,0,0,0,0,0,0,0,0,0,0,0,0,114688,114688,14,14,114688,114688,0,0,0,0,0,0,0,0,0,0,b'\xbe\xda\x0c\x10\x02\x00[\x9ea\xd5\x00\x05\x18\xc0\x02\x16\x05\xc4\x02a_9\xc0\x02\x16\x05\xc4\x02a_[',,2634225673,0,2018-09-16 15:58:47,2018-09-16 15:58:48.497000,2018-09-16 15:59:49.548000,0:00:00.500000,1,0,1,2:00:00
567,2634225673,1,4b4wp0a8dvkf0,852281347,18,CHOOSE,1616013103,210486,2,2,,,,5883672924022578692,0,SYS,0,21,17,21,17,21,17,21,17,0,0,2,0,0,0,21,17,261,154,1768,873,21,17,62203,32733,60227,31384,1832,1108,0,0,0,0,0,0,0,0,0,0,0,0,0,0,4546560,2785280,408,235,4546560,2785280,0,0,0,0,0,0,0,0,0,0,b'\xbe\xda\x0c\x10\x02\x00[\x9ea\x98\x00\x02\x03\xf0\x01 \x00\xb2\rfm1gpkftdrr1j\xf0\x01 \x00\xb2\x03SYS',,2634225673,0,2018-09-16 15:58:47,2018-09-16 15:58:48.497000,2018-09-16 15:59:49.548000,0:00:00.500000,1,0,1,2:00:00
567,2634225673,1,49s332uhbnsma,0,0,CHOOSE,2075687385,36326,1,1,,,,0,0,SYS,0,0,0,26,26,0,0,26,26,0,0,1,0,0,0,26,26,180,180,783,783,26,26,19736,19736,20336,20336,1045,1045,0,0,0,0,0,0,0,0,0,0,0,0,0,0,1703936,1703936,194,194,1703936,1703936,0,0,0,0,0,0,0,0,0,0,,,2634225673,0,2018-09-16 15:58:47,2018-09-16 15:58:48.497000,2018-09-16 15:59:49.548000,0:00:00.500000,1,0,1,2:00:00
567,2634225673,1,3z1j0s916x9fa,3652120165,11,ALL_ROWS,3207304630,169569,1,1,Golden32.exe,,,17848950449694481818,97,TPCDS1,97,1,1,1,1,0,0,1,1,0,0,1,0,0,0,1,1,36,36,1468,1468,0,0,61137,61137,61811,61811,310,310,0,0,0,0,0,0,0,0,0,0,0,0,0,0,409600,409600,43,43,409600,409600,0,0,0,0,0,0,0,0,0,0,,,2634225673,0,2018-09-16 15:58:47,2018-09-16 15:58:48.497000,2018-09-16 15:59:49.548000,0:00:00.500000,1,0,1,2:00:00
567,2634225673,1,3y6pgnk2ubw7g,0,1,ALL_ROWS,2537082850,23695,1,1,,,,0,0,SYS,0,0,0,148,74,0,0,148,74,0,0,1,0,0,0,148,74,21,12,1054,494,148,74,6547,2550,83609,78206,73566,73486,0,0,0,0,0,0,0,0,0,0,0,0,0,0,172032,98304,21,12,172032,98304,0,0,0,0,0,0,0,0,0,0,,,2634225673,0,2018-09-16 15:58:47,2018-09-16 15:58:48.497000,2018-09-16 15:59:49.548000,0:00:00.500000,1,0,1,2:00:00
567,2634225673,1,3un99a0zwp4vd,1475428744,11,CHOOSE,3316887484,85968,2,2,,,,11266381627962147698,0,SYS,0,1720,1210,212,89,212,89,212,89,0,0,3,0,1,0,212,89,218,79,3765,2359,1508,1121,26098,15187,27464,13330,1345,500,0,0,0,0,0,0,0,0,0,0,0,0,0,0,1785856,0,218,0,1785856,0,0,0,0,0,0,0,0,0,0,0,b'\xbe\xda\x0c\x10\x02\x00[\x9ea\x98\x00\x01\x01\xc0\x02\x16\x04\xc3\x02#W',,2634225673,0,2018-09-16 15:58:47,2018-09-16 15:58:48.497000,2018-09-16 15:59:49.548000,0:00:00.500000,1,0,1,2:00:00
567,2634225673,1,3jhwfu0mubfhn,1750143696,4573,CHOOSE,2075687385,327685,1,1,,,,12151216632421166694,0,SYS,0,1,1,1,1,0,0,1,1,0,0,1,0,0,0,1,1,1,1,19870,19870,1,1,57984,57984,57788,57788,12,12,0,0,0,0,0,0,0,0,0,0,0,0,0,0,8192,8192,1,1,8192,8192,0,0,0,0,0,0,0,0,0,0,,,2634225673,0,2018-09-16 15:58:47,2018-09-16 15:58:48.497000,2018-09-16 15:59:49.548000,0:00:00.500000,1,0,1,2:00:00
567,2634225673,1,3c1kubcdjnppq,477378112,2,CHOOSE,2075687385,36180,1,1,,,,9947670655868400725,0,SYS,0,0,0,795,795,0,0,795,795,0,0,1,0,0,0,313,313,24,24,2879,2879,795,795,60327,60327,58735,58735,249,249,0,0,0,0,1117,1117,0,0,0,0,0,0,0,0,196608,196608,24,24,196608,196608,0,0,0,0,0,0,0,0,0,0,b'\xbe\xda\x0c\x10\x02\x00[\x9ea\x9a\x00\t\x80\x01\xc0\x02\x16\x02\xc1\x05\xc0\x02\x16\x02\xc1\x1f',,2634225673,0,2018-09-16 15:58:47,2018-09-16 15:58:48.497000,2018-09-16 15:59:49.548000,0:00:00.500000,1,0,1,2:00:00
567,2634225673,1,39m4sx9k63ba2,2317816222,3,CHOOSE,3316887484,23557,1,1,,,,12005390545862180746,0,SYS,0,281,145,86,49,0,0,130,62,0,0,1,0,0,0,130,62,290,166,996,475,195,96,11887,5985,9357,4808,1714,1015,0,0,0,0,0,0,0,0,0,0,0,0,0,0,2375680,1359872,290,166,2375680,1359872,0,0,0,0,0,0,0,0,0,0,b'\xbe\xda\x0c\x10\x02\x00[\x9ea\x98\x00\x03\x07\xc0\x02\x16\x04\xc3\x02#W\xc0\x02\x16\x01\x80\xc0\x02\x16\x06\xc5\x03\x02!B]',,2634225673,0,2018-09-16 15:58:47,2018-09-16 15:58:48.497000,2018-09-16 15:59:49.548000,0:00:00.500000,1,0,1,2:00:00
567,2634225673,1,360qzju916m57,2694099131,1,ALL_ROWS,2537082850,48129,1,1,,,,6552140399539411955,0,SYS,0,0,0,2,1,2,1,2,1,0,0,1,0,0,0,2,1,11,6,238,7,16,16,40212,34406,39576,34428,93,58,0,0,0,0,0,0,0,0,0,0,0,0,0,0,90112,49152,11,6,90112,49152,0,0,0,0,0,0,0,0,0,0,,,2634225673,0,2018-09-16 15:58:47,2018-09-16 15:58:48.497000,2018-09-16 15:59:49.548000,0:00:00.500000,1,0,1,2:00:00
567,2634225673,1,2xy16h1p7j575,2631726364,79,CHOOSE,2075687385,319788,1,1,MMON_SLAVE,Automatic Report Flush,,13715020587882609041,0,SYS,0,1,1,1,1,4,4,1,1,0,0,1,0,0,0,1,1,0,0,188,188,0,0,38393,38393,38791,38791,0,0,0,0,0,0,0,0,0,0,0,0,0,0,0,0,0,0,0,0,0,0,0,0,0,0,0,0,0,0,0,0,,,2634225673,0,2018-09-16 15:58:47,2018-09-16 15:58:48.497000,2018-09-16 15:59:49.548000,0:00:00.500000,1,0,1,2:00:00
567,2634225673,1,2xqcqzshma3g7,3959516740,4,CHOOSE,1460167847,78188,2,2,,,,4870950575635525145,0,SYS,0,2,1,2,1,0,0,2,1,0,0,2,0,0,0,2,1,13,7,133,84,2,1,8358,2380,8180,2694,120,74,0,0,0,0,0,0,0,0,0,0,0,0,0,0,106496,0,12,0,106496,0,0,0,0,0,0,0,0,0,0,0,b'\xbe\xda\x0c\x10\x02\x00[\x9ea\x9b\x00\x02\x03\xc0\x02\x16\x04\xc3\x02J\x0c\xc0\x02\x16\x04\xc3\x02J\x0c',,2634225673,0,2018-09-16 15:58:47,2018-09-16 15:58:48.497000,2018-09-16 15:59:49.548000,0:00:00.500000,1,0,1,2:00:00
567,2634225673,1,2nfv7pttwvr9d,2788181970,18,CHOOSE,2075687385,43862,1,1,,,,8415320958322745880,0,SYS,0,0,0,1,1,0,0,1,1,0,0,1,0,0,0,1,1,186,186,1112,1112,0,0,53637,53637,54754,54754,980,980,0,0,0,0,30,30,0,0,0,0,0,0,0,0,1523712,1523712,170,170,1523712,1523712,0,0,0,0,0,0,0,0,0,0,b'\xbe\xda\x0c\x10\x02\x00[\x9ea\x9a\x00\x01\x01\xc0\x02\x16\x02\xc3\x02',,2634225673,0,2018-09-16 15:58:47,2018-09-16 15:58:48.497000,2018-09-16 15:59:49.548000,0:00:00.500000,1,0,1,2:00:00
567,2634225673,1,2crngsbggkkzv,396852968,501,CHOOSE,2075687385,339894,1,1,,,,6324180228108342869,0,SYS,0,1,1,1,1,0,0,1,1,0,0,1,0,0,0,1,1,0,0,1893,1893,1,1,35271,35271,34909,34909,0,0,0,0,0,0,0,0,0,0,0,0,0,0,0,0,0,0,0,0,0,0,0,0,0,0,0,0,0,0,0,0,,,2634225673,0,2018-09-16 15:58:47,2018-09-16 15:58:48.497000,2018-09-16 15:59:49.548000,0:00:00.500000,1,0,1,2:00:00
567,2634225673,1,20x4skzx6dbjm,1779570577,2,ALL_ROWS,3537174824,76128,1,1,,,,4235640922693545066,0,SYS,0,0,0,1,1,0,0,1,1,0,0,1,0,0,0,1,0,184,122,2861,903,1,1,51877,29458,1707215,1684307,1591544,1591146,0,0,0,0,0,0,0,0,0,0,0,0,0,0,9896510,9388606,165,103,9895936,9388032,13,13,574,574,0,0,0,0,0,0,,,2634225673,0,2018-09-16 15:58:47,2018-09-16 15:58:48.497000,2018-09-16 15:59:49.548000,0:00:00.500000,1,0,1,2:00:00
567,2634225673,1,1wnvnzyvt8mjt,1321642925,4,ALL_ROWS,2537082850,106296,1,1,,,,7852116724150346866,0,SYS,0,0,0,2,1,10,5,2,1,0,0,1,0,0,0,2,1,13,0,355,6,2,1,9994,0,10209,230,99,0,0,0,0,0,0,0,0,0,0,0,0,0,0,0,106496,0,13,0,106496,0,0,0,0,0,0,0,0,0,0,0,,,2634225673,0,2018-09-16 15:58:47,2018-09-16 15:58:48.497000,2018-09-16 15:59:49.548000,0:00:00.500000,1,0,1,2:00:00
567,2634225673,1,1rpgk59t8pvs6,0,0,CHOOSE,2075687385,35958,1,1,,,,0,0,SYS,0,0,0,33,33,0,0,33,33,0,0,1,0,0,0,33,33,0,0,0,0,33,33,3466,3466,2635,2635,0,0,0,0,0,0,0,0,0,0,0,0,0,0,0,0,0,0,0,0,0,0,0,0,0,0,0,0,0,0,0,0,,,2634225673,0,2018-09-16 15:58:47,2018-09-16 15:58:48.497000,2018-09-16 15:59:49.548000,0:00:00.500000,1,0,1,2:00:00
567,2634225673,1,1p5grz1gs7fjq,2853959010,,CHOOSE,1723525047,16046,0,4,,,,6074796330697981049,0,SYS,0,7,0,0,0,0,0,7,0,0,0,1,0,0,0,1,0,1,0,28,0,7,0,2048,0,2444,0,53,0,0,0,0,0,0,0,0,0,0,0,0,0,0,0,8192,0,1,0,8192,0,0,0,0,0,0,0,0,0,0,0,b'\xbe\xda\x0c\x10\x02\x00[\x9ea\x97\x00\x03\x07\xc0\x02\x16\x01\x80\xf0\x01 \x00\xb2\rINTERNAL_PLAN\xc0\x02\x16\x02\xc1\x19',,2634225673,0,2018-09-16 15:58:47,2018-09-16 15:58:48.497000,2018-09-16 15:59:49.548000,0:00:00.500000,1,0,1,2:00:00
567,2634225673,1,1p5grz1gs7fjq,813480514,4,CHOOSE,3316887484,97126,3,4,,,,6074796330697981049,0,SYS,0,881,441,21,13,0,0,881,441,0,0,5,2,1,0,22,18,66,13,3692,1940,860,428,28159,14403,32665,18191,619,220,0,0,0,0,0,0,0,0,0,0,0,0,0,0,540672,0,66,0,540672,0,0,0,0,0,0,0,0,0,0,0,b'\xbe\xda\x0c\x10\x02\x00[\x9ea\x98\x00\x03\x07\xc0\x02\x16\x01\x80\xf0\x01 \x00\xb2\x05LINK$\xc0\x02\x16\x02\xc1\x02',,2634225673,0,2018-09-16 15:58:47,2018-09-16 15:58:48.497000,2018-09-16 15:59:49.548000,0:00:00.500000,1,0,1,2:00:00
567,2634225673,1,19g6x6d7nh669,2970037075,1,CHOOSE,2075687385,23515,1,1,,,,0,0,SYS,0,27,27,27,27,0,0,27,27,0,0,1,0,0,0,27,27,0,0,63,63,27,27,992,992,1258,1258,0,0,0,0,0,0,0,0,0,0,0,0,0,0,0,0,0,0,0,0,0,0,0,0,0,0,0,0,0,0,0,0,b'\xbe\xda\x0c\x10\x02\x00[\x9ea\x9a\x00\x01\x01\xc0\x02\x16\x02\xc1\x02',,2634225673,0,2018-09-16 15:58:47,2018-09-16 15:58:48.497000,2018-09-16 15:59:49.548000,0:00:00.500000,1,0,1,2:00:00
567,2634225673,1,14kx436hrv7cc,3915824756,1,ALL_ROWS,2537082850,31856,1,1,,,,11347479135783204039,0,SYS,0,0,0,2,1,0,0,2,1,0,0,1,0,0,0,2,1,23,9,261,45,6,4,6110,2119,55185,50785,50120,50039,0,0,0,0,0,0,0,0,0,0,0,0,0,0,188416,73728,23,9,188416,73728,0,0,0,0,0,0,0,0,0,0,,,2634225673,0,2018-09-16 15:58:47,2018-09-16 15:58:48.497000,2018-09-16 15:59:49.548000,0:00:00.500000,1,0,1,2:00:00
567,2634225673,1,14khktjbkbymw,3528844882,3102,CHOOSE,2075687385,35756,1,1,,,,13271737891901671798,0,SYS,0,0,0,1,1,0,0,1,1,0,0,1,0,0,0,1,1,10667,10667,10950,10950,0,0,222981,222981,224096,224096,14322,14322,0,0,0,0,0,0,0,0,0,0,0,0,0,0,87384064,87384064,457,457,87384064,87384064,0,0,0,0,0,0,0,0,0,0,b'\xbe\xda\x0c\x10\x02\x00[\x9ea\x9a\x00\x02\x02\xc0\x02\x16\x02\xc3\x02',,2634225673,0,2018-09-16 15:58:47,2018-09-16 15:58:48.497000,2018-09-16 15:59:49.548000,0:00:00.500000,1,0,1,2:00:00
567,2634225673,1,14d7z6mh1sxuz,3765558045,3,CHOOSE,2075687385,69891,2,2,,,,3114911075977754183,0,SYS,0,5357,1859,370,106,370,106,370,106,0,0,3,1,1,0,23,18,35,11,1550,370,4987,1753,29738,9916,33895,11107,224,69,0,0,0,0,0,0,0,0,0,0,0,0,0,0,286720,0,35,0,286720,0,0,0,0,0,0,0,0,0,0,0,b'\xbe\xda\x0c\x10\x02\x00[\x9ea\x98\x00\x01\x01\xc0\x02\x16\x03\xc2R/',,2634225673,0,2018-09-16 15:58:47,2018-09-16 15:58:48.497000,2018-09-16 15:59:49.548000,0:00:00.500000,1,0,1,2:00:00
567,2634225673,1,12a2xbmwn5v6z,269548669,4879,CHOOSE,2075687385,339861,1,1,,,,13693478672279537630,0,SYS,0,83,83,1,1,0,0,1,1,0,0,1,0,0,0,1,1,15737,15737,899065,899065,4127,4127,754751,754751,759674,759674,31077,31077,0,0,0,0,804,804,0,0,0,0,0,0,0,0,128917504,128917504,1737,1737,128917504,128917504,0,0,0,0,0,0,0,0,0,0,b'\xbe\xda\x0c\x10\x02\x00[\x9ea\x9a\x00\x01\x01\xf0\x01 \x00\xb2\x06SYSAUX',,2634225673,0,2018-09-16 15:58:47,2018-09-16 15:58:48.497000,2018-09-16 15:59:49.548000,0:00:00.500000,1,0,1,2:00:00
567,2634225673,1,0m78skf1mudnb,3506511888,2,CHOOSE,3316887484,37159,2,2,,,,7928100255923163774,0,SYS,0,30,3,0,0,0,0,30,3,0,0,2,0,0,0,30,3,13,2,117,9,30,3,3965,999,2259,138,84,11,0,0,0,0,0,0,0,0,0,0,0,0,0,0,106496,0,13,0,106496,0,0,0,0,0,0,0,0,0,0,0,b'\xbe\xda\x0c\x10\x02\x00[\x9ea\x98\x00\x01\x01\xc0\x02\x16\x03\xc2B0',,2634225673,0,2018-09-16 15:58:47,2018-09-16 15:58:48.497000,2018-09-16 15:59:49.548000,0:00:00.500000,1,0,1,2:00:00
567,2634225673,1,0gx3b09qrx9f5,1964104430,2,CHOOSE,3316887484,37096,2,2,,,,9552488493257099585,0,SYS,0,27,2,27,2,0,0,27,2,0,0,2,0,0,0,5,1,17,2,180,6,21,2,3996,0,3267,108,107,11,0,0,0,0,0,0,0,0,0,0,0,0,0,0,139264,0,17,0,139264,0,0,0,0,0,0,0,0,0,0,0,b'\xbe\xda\x0c\x10\x02\x00[\x9ea\x98\x00\x02\x03\xc0\x02\x16\x02\xc1b\xc0\x17 \x10\x00\x00\x00\x00\x00\x00\x00\x00\x00\x00\x00\x00\x00\x01\x00\x01',,2634225673,0,2018-09-16 15:58:47,2018-09-16 15:58:48.497000,2018-09-16 15:59:49.548000,0:00:00.500000,1,0,1,2:00:00
567,2634225673,1,04kug40zbu4dm,4006480256,2,CHOOSE,3316887484,19413,1,1,,,,14514749038448292029,0,SYS,0,528,190,528,190,0,0,528,190,0,0,1,0,0,0,528,190,2,0,1617,570,0,0,9551,1728,17468,6383,15,0,0,0,0,0,1107,0,0,0,0,0,0,0,0,0,16384,0,2,0,16384,0,0,0,0,0,0,0,0,0,0,0,b'\xbe\xda\x0c\x10\x02\x00[\x9ea\x98\x00\x01\x01\xc0\x02\x16\x03\xc2\x054',,2634225673,0,2018-09-16 15:58:47,2018-09-16 15:58:48.497000,2018-09-16 15:59:49.548000,0:00:00.500000,1,0,1,2:00:00
