iteration,lag,test_split,K,rmse,init,random_run,accuracy,f_score,time_train
0,13,0.2,2,,k-means++,0,0.6025641025641025,0.3743126756284651,0.2656567096710205
1,13,0.2,3,,k-means++,0,0.6025641025641025,0.3743126756284651,0.3750338554382324
2,13,0.2,4,,k-means++,0,0.6025641025641025,0.3743126756284651,0.4688384532928467
3,13,0.2,5,,k-means++,0,0.6025641025641025,0.3743126756284651,0.5312695503234863
4,13,0.2,6,,k-means++,0,0.6025641025641025,0.3743126756284651,0.79695725440979
5,13,0.2,7,,k-means++,0,0.6025641025641025,0.3743126756284651,0.8159580230712891
6,13,0.2,8,,k-means++,0,0.6025641025641025,0.3743126756284651,0.6563332080841064
7,13,0.2,9,,k-means++,0,0.6025641025641025,0.3743126756284651,0.7813222408294678
8,13,0.2,10,,k-means++,0,0.6025641025641025,0.3743126756284651,0.8594624996185303
9,13,0.2,11,,k-means++,0,0.6025641025641025,0.3743126756284651,0.890718936920166
10,13,0.2,12,,k-means++,0,0.6025641025641025,0.3743126756284651,0.9688513278961182
11,13,0.2,13,,k-means++,0,0.6025641025641025,0.3743126756284651,1.0938656330108643
12,13,0.2,14,,k-means++,0,0.6025641025641025,0.3743126756284651,1.1719980239868164
13,13,0.2,15,,k-means++,0,0.6025641025641025,0.3743126756284651,1.1407463550567627
14,13,0.2,16,,k-means++,0,0.6025641025641025,0.3743126756284651,1.281383752822876
15,13,0.2,17,,k-means++,0,0.6025641025641025,0.3743126756284651,1.1876251697540283
16,13,0.2,18,,k-means++,0,0.6025641025641025,0.3743126756284651,1.0626530647277832
17,13,0.2,19,,k-means++,0,0.6025641025641025,0.3743126756284651,0.7031583786010742
18,13,0.2,20,,k-means++,0,0.6025641025641025,0.3743126756284651,0.29690980911254883
19,13,0.2,2,,k-means++,1,0.6025641025641025,0.3743126756284651,0.2969045639038086
20,13,0.2,3,,k-means++,1,0.6025641025641025,0.3743126756284651,0.35944652557373047
21,13,0.2,4,,k-means++,1,0.6025641025641025,0.3743126756284651,0.3906681537628174
22,13,0.2,5,,k-means++,1,0.6025641025641025,0.3743126756284651,0.5781862735748291
23,13,0.2,6,,k-means++,1,0.6025641025641025,0.3743126756284651,0.5625991821289062
24,13,0.2,7,,k-means++,1,0.6025641025641025,0.3743126756284651,0.6719067096710205
25,13,0.2,8,,k-means++,1,0.6025641025641025,0.3743126756284651,0.7610268592834473
26,13,0.2,9,,k-means++,1,0.6025641025641025,0.3743126756284651,0.7188289165496826
27,13,0.2,10,,k-means++,1,0.6025641025641025,0.3743126756284651,0.8594620227813721
28,13,0.2,11,,k-means++,1,0.6025641025641025,0.3743126756284651,0.9063460826873779
29,13,0.2,12,,k-means++,1,0.6025641025641025,0.3743126756284651,1.0313587188720703
30,13,0.2,13,,k-means++,1,0.6025641025641025,0.3743126756284651,0.9844787120819092
31,13,0.2,14,,k-means++,1,0.6025641025641025,0.3743126756284651,1.1719996929168701
32,13,0.2,15,,k-means++,1,0.6025641025641025,0.3743126756284651,1.1526787281036377
33,13,0.2,16,,k-means++,1,0.6025641025641025,0.3743126756284651,1.2657957077026367
34,13,0.2,17,,k-means++,1,0.6025641025641025,0.3743126756284651,1.2657239437103271
35,13,0.2,18,,k-means++,1,0.6025641025641025,0.3743126756284651,1.108771800994873
36,13,0.2,19,,k-means++,1,0.6025641025641025,0.3743126756284651,0.6784844398498535
37,13,0.2,20,,k-means++,1,0.6025641025641025,0.3743126756284651,0.3281972408294678
38,13,0.2,2,,k-means++,2,0.6025641025641025,0.3743126756284651,0.2969036102294922
39,13,0.2,3,,k-means++,2,0.6025641025641025,0.3743126756284651,0.35941314697265625
40,13,0.2,4,,k-means++,2,0.6025641025641025,0.3743126756284651,0.4375460147857666
41,13,0.2,5,,k-means++,2,0.6025641025641025,0.3743126756284651,0.5000536441802979
42,13,0.2,6,,k-means++,2,0.6025641025641025,0.3743126756284651,0.546931266784668
43,13,0.2,7,,k-means++,2,0.6025641025641025,0.3743126756284651,0.6094415187835693
44,13,0.2,8,,k-means++,2,0.6025641025641025,0.3743126756284651,0.8486738204956055
45,13,0.2,9,,k-means++,2,0.6025641025641025,0.3743126756284651,0.7500793933868408
46,13,0.2,10,,k-means++,2,0.6025641025641025,0.3743126756284651,0.8907217979431152
47,13,0.2,11,,k-means++,2,0.6025641025641025,0.3743126756284651,0.8594667911529541
48,13,0.2,12,,k-means++,2,0.6025641025641025,0.3743126756284651,1.015733003616333
49,13,0.2,13,,k-means++,2,0.6025641025641025,0.3743126756284651,1.031360149383545
50,13,0.2,14,,k-means++,2,0.6025641025641025,0.3743126756284651,1.1407835483551025
51,13,0.2,15,,k-means++,2,0.6025641025641025,0.3743126756284651,1.1719598770141602
52,13,0.2,16,,k-means++,2,0.6025641025641025,0.3743126756284651,1.2032496929168701
53,13,0.2,17,,k-means++,2,0.6025641025641025,0.3743126756284651,1.312638282775879
54,13,0.2,18,,k-means++,2,0.6025641025641025,0.3743126756284651,1.1251182556152344
55,13,0.2,19,,k-means++,2,0.6025641025641025,0.3743126756284651,0.5938496589660645
56,13,0.2,20,,k-means++,2,0.6025641025641025,0.3743126756284651,0.36278319358825684
57,13,0.2,2,,k-means++,3,0.6025641025641025,0.3743126756284651,0.3281595706939697
58,13,0.2,3,,k-means++,3,0.6025641025641025,0.3743126756284651,0.34379029273986816
59,13,0.2,4,,k-means++,3,0.6025641025641025,0.3743126756284651,0.4531688690185547
60,13,0.2,5,,k-means++,3,0.6025641025641025,0.3743126756284651,0.468799352645874
61,13,0.2,6,,k-means++,3,0.6025641025641025,0.3743126756284651,0.6094388961791992
62,13,0.2,7,,k-means++,3,0.6025641025641025,0.3743126756284651,0.578188419342041
63,13,0.2,8,,k-means++,3,0.6025641025641025,0.3743126756284651,0.7500782012939453
64,13,0.2,9,,k-means++,3,0.6025641025641025,0.3743126756284651,0.9219722747802734
65,13,0.2,10,,k-means++,3,0.6025641025641025,0.3743126756284651,1.1407454013824463
66,13,0.2,11,,k-means++,3,0.6025641025641025,0.3743126756284651,0.9688522815704346
67,13,0.2,12,,k-means++,3,0.6025641025641025,0.3743126756284651,0.9220099449157715
68,13,0.2,13,,k-means++,3,0.6025641025641025,0.3743126756284651,1.0313212871551514
69,13,0.2,14,,k-means++,3,0.6025641025641025,0.3743126756284651,1.2501308917999268
70,13,0.2,15,,k-means++,3,0.6025641025641025,0.3743126756284651,1.1876254081726074
71,13,0.2,16,,k-means++,3,0.6025641025641025,0.3743126756284651,1.2345051765441895
72,13,0.2,17,,k-means++,3,0.6025641025641025,0.3743126756284651,1.2501330375671387
73,13,0.2,18,,k-means++,3,0.6025641025641025,0.3743126756284651,1.0782384872436523
74,13,0.2,19,,k-means++,3,0.6025641025641025,0.3743126756284651,0.6875712871551514
75,13,0.2,20,,k-means++,3,0.6025641025641025,0.3743126756284651,0.35941243171691895
76,13,0.2,2,,k-means++,4,0.6025641025641025,0.3743126756284651,0.29691052436828613
77,13,0.2,3,,k-means++,4,0.6025641025641025,0.3743126756284651,0.39066267013549805
78,13,0.2,4,,k-means++,4,0.6025641025641025,0.3743126756284651,0.4062952995300293
79,13,0.2,5,,k-means++,4,0.6025641025641025,0.3743126756284651,0.5469295978546143
80,13,0.2,6,,k-means++,4,0.6025641025641025,0.3743126756284651,0.5469367504119873
81,13,0.2,7,,k-means++,4,0.6025641025641025,0.3743126756284651,0.671942949295044
82,13,0.2,8,,k-means++,4,0.6025641025641025,0.3743126756284651,0.8125853538513184
83,13,0.2,9,,k-means++,4,0.6025641025641025,0.3743126756284651,0.7344529628753662
84,13,0.2,10,,k-means++,4,0.6025641025641025,0.3743126756284651,0.8438398838043213
85,13,0.2,11,,k-means++,4,0.6025641025641025,0.3743126756284651,0.9532239437103271
86,13,0.2,12,,k-means++,4,0.6025641025641025,0.3743126756284651,0.9844789505004883
87,13,0.2,13,,k-means++,4,0.6025641025641025,0.3743126756284651,1.0469868183135986
88,13,0.2,14,,k-means++,4,0.6025641025641025,0.3743126756284651,1.1094920635223389
89,13,0.2,15,,k-means++,4,0.6025641025641025,0.3743126756284651,1.1251189708709717
90,13,0.2,16,,k-means++,4,0.6025641025641025,0.3743126756284651,1.1720361709594727
91,13,0.2,17,,k-means++,4,0.6025641025641025,0.3743126756284651,1.196826696395874
92,13,0.2,18,,k-means++,4,0.6025641025641025,0.3743126756284651,1.1460628509521484
93,13,0.2,19,,k-means++,4,0.6025641025641025,0.3743126756284651,0.6719460487365723
94,13,0.2,20,,k-means++,4,0.6025641025641025,0.3743126756284651,0.3125324249267578
95,13,0.2,2,,random,0,0.6025641025641025,0.3743126756284651,0.20314455032348633
96,13,0.2,3,,random,0,0.6025641025641025,0.3743126756284651,0.23440003395080566
97,13,0.2,4,,random,0,0.6025641025641025,0.3743126756284651,0.20314884185791016
98,13,0.2,5,,random,0,0.6025641025641025,0.3743126756284651,0.20314431190490723
99,13,0.2,6,,random,0,0.6025641025641025,0.3743126756284651,0.20314860343933105
100,13,0.2,7,,random,0,0.6025641025641025,0.3743126756284651,0.2500336170196533
101,13,0.2,8,,random,0,0.6025641025641025,0.3743126756284651,0.2343897819519043
102,13,0.2,9,,random,0,0.6025641025641025,0.3743126756284651,0.21877670288085938
103,13,0.2,10,,random,0,0.6025641025641025,0.3743126756284651,0.1875171661376953
104,13,0.2,11,,random,0,0.6025641025641025,0.3743126756284651,0.2031853199005127
105,13,0.2,12,,random,0,0.6025641025641025,0.3743126756284651,0.24998974800109863
106,13,0.2,13,,random,0,0.6025641025641025,0.3743126756284651,0.21877264976501465
107,13,0.2,14,,random,0,0.6025641025641025,0.3743126756284651,0.21877288818359375
108,13,0.2,15,,random,0,0.6025641025641025,0.3743126756284651,0.20315027236938477
109,13,0.2,16,,random,0,0.6025641025641025,0.3743126756284651,0.2500607967376709
110,13,0.2,17,,random,0,0.6025641025641025,0.3743126756284651,0.24998831748962402
111,13,0.2,18,,random,0,0.6025641025641025,0.3743126756284651,0.17189264297485352
112,13,0.2,19,,random,0,0.6025641025641025,0.3743126756284651,0.1250135898590088
113,13,0.2,20,,random,0,0.6025641025641025,0.3743126756284651,0.07813453674316406
114,13,0.2,2,,random,1,0.6025641025641025,0.3743126756284651,0.20318341255187988
115,13,0.2,3,,random,1,0.6025641025641025,0.3743126756284651,0.23439979553222656
116,13,0.2,4,,random,1,0.6025641025641025,0.3743126756284651,0.31249499320983887
117,13,0.2,5,,random,1,0.6025641025641025,0.3743126756284651,0.20314764976501465
118,13,0.2,6,,random,1,0.6025641025641025,0.3743126756284651,0.18751740455627441
119,13,0.2,7,,random,1,0.6025641025641025,0.3743126756284651,0.21877527236938477
120,13,0.2,8,,random,1,0.6025641025641025,0.3743126756284651,0.21877145767211914
121,13,0.2,9,,random,1,0.6025641025641025,0.3743126756284651,0.23439955711364746
122,13,0.2,10,,random,1,0.6025641025641025,0.3743126756284651,0.21877431869506836
123,13,0.2,11,,random,1,0.6025641025641025,0.3743126756284651,0.20314693450927734
124,13,0.2,12,,random,1,0.6025641025641025,0.3743126756284651,0.23440098762512207
125,13,0.2,13,,random,1,0.6025641025641025,0.3743126756284651,0.25002288818359375
126,13,0.2,14,,random,1,0.6025641025641025,0.3743126756284651,0.21877312660217285
127,13,0.2,15,,random,1,0.6025641025641025,0.3743126756284651,0.20314645767211914
128,13,0.2,16,,random,1,0.6025641025641025,0.3743126756284651,0.20314669609069824
129,13,0.2,17,,random,1,0.6025641025641025,0.3743126756284651,0.18751740455627441
130,13,0.2,18,,random,1,0.6025641025641025,0.3743126756284651,0.18751978874206543
131,13,0.2,19,,random,1,0.6025641025641025,0.3743126756284651,0.1406400203704834
132,13,0.2,20,,random,1,0.6025641025641025,0.3743126756284651,0.04687952995300293
133,13,0.2,2,,random,2,0.6025641025641025,0.3743126756284651,0.20314741134643555
134,13,0.2,3,,random,2,0.6025641025641025,0.3743126756284651,0.18752169609069824
135,13,0.2,4,,random,2,0.6025641025641025,0.3743126756284651,0.17189431190490723
136,13,0.2,5,,random,2,0.6025641025641025,0.3743126756284651,0.25002217292785645
137,13,0.2,6,,random,2,0.6025641025641025,0.3743126756284651,0.35941386222839355
138,13,0.2,7,,random,2,0.6025641025641025,0.3743126756284651,0.20314717292785645
139,13,0.2,8,,random,2,0.6025641025641025,0.3743126756284651,0.18755531311035156
140,13,0.2,9,,random,2,0.6025641025641025,0.3743126756284651,0.24999213218688965
141,13,0.2,10,,random,2,0.6025641025641025,0.3743126756284651,0.20314431190490723
142,13,0.2,11,,random,2,0.6025641025641025,0.3743126756284651,0.21877384185791016
143,13,0.2,12,,random,2,0.6025641025641025,0.3743126756284651,0.20314598083496094
144,13,0.2,13,,random,2,0.6025641025641025,0.3743126756284651,0.2188115119934082
145,13,0.2,14,,random,2,0.6025641025641025,0.3743126756284651,0.23440051078796387
146,13,0.2,15,,random,2,0.6025641025641025,0.3743126756284651,0.2499866485595703
147,13,0.2,16,,random,2,0.6025641025641025,0.3743126756284651,0.21877336502075195
148,13,0.2,17,,random,2,0.6025641025641025,0.3743126756284651,0.17189383506774902
149,13,0.2,18,,random,2,0.6025641025641025,0.3743126756284651,0.1562666893005371
150,13,0.2,19,,random,2,0.6025641025641025,0.3743126756284651,0.12505221366882324
151,13,0.2,20,,random,2,0.6025641025641025,0.3743126756284651,0.04684114456176758
152,13,0.2,2,,random,3,0.6025641025641025,0.3743126756284651,0.25002408027648926
153,13,0.2,3,,random,3,0.6025641025641025,0.3743126756284651,0.20314598083496094
154,13,0.2,4,,random,3,0.6025641025641025,0.3743126756284651,0.20314836502075195
155,13,0.2,5,,random,3,0.6025641025641025,0.3743126756284651,0.17189478874206543
156,13,0.2,6,,random,3,0.6025641025641025,0.3743126756284651,0.21877217292785645
157,13,0.2,7,,random,3,0.6025641025641025,0.3743126756284651,0.23439741134643555
158,13,0.2,8,,random,3,0.6025641025641025,0.3743126756284651,0.20314645767211914
159,13,0.2,9,,random,3,0.6025641025641025,0.3743126756284651,0.20314741134643555
160,13,0.2,10,,random,3,0.6025641025641025,0.3743126756284651,0.21877551078796387
161,13,0.2,11,,random,3,0.6025641025641025,0.3743126756284651,0.3437824249267578
162,13,0.2,12,,random,3,0.6025641025641025,0.3743126756284651,0.23439955711364746
163,13,0.2,13,,random,3,0.6025641025641025,0.3743126756284651,0.20314693450927734
164,13,0.2,14,,random,3,0.6025641025641025,0.3743126756284651,0.21877479553222656
165,13,0.2,15,,random,3,0.6025641025641025,0.3743126756284651,0.2656517028808594
166,13,0.2,16,,random,3,0.6025641025641025,0.3743126756284651,0.2656521797180176
167,13,0.2,17,,random,3,0.6025641025641025,0.3743126756284651,0.21877336502075195
168,13,0.2,18,,random,3,0.6025641025641025,0.3743126756284651,0.1406397819519043
169,13,0.2,19,,random,3,0.6025641025641025,0.3743126756284651,0.07813668251037598
170,13,0.2,20,,random,3,0.6025641025641025,0.3743126756284651,0.04687857627868652
171,13,0.2,2,,random,4,0.6025641025641025,0.3743126756284651,0.23439908027648926
172,13,0.2,3,,random,4,0.6025641025641025,0.3743126756284651,0.23440003395080566
173,13,0.2,4,,random,4,0.6025641025641025,0.3743126756284651,0.21877264976501465
174,13,0.2,5,,random,4,0.6025641025641025,0.3743126756284651,0.20314812660217285
175,13,0.2,6,,random,4,0.6025641025641025,0.3743126756284651,0.20314764976501465
176,13,0.2,7,,random,4,0.6025641025641025,0.3743126756284651,0.21877312660217285
177,13,0.2,8,,random,4,0.6025641025641025,0.3743126756284651,0.20314383506774902
178,13,0.2,9,,random,4,0.6025641025641025,0.3743126756284651,0.21877312660217285
179,13,0.2,10,,random,4,0.6025641025641025,0.3743126756284651,0.20314836502075195
180,13,0.2,11,,random,4,0.6025641025641025,0.3743126756284651,0.23440146446228027
181,13,0.2,12,,random,4,0.6025641025641025,0.3743126756284651,0.23439621925354004
182,13,0.2,13,,random,4,0.6025641025641025,0.3743126756284651,0.23439884185791016
183,13,0.2,14,,random,4,0.6025641025641025,0.3743126756284651,0.18751978874206543
184,13,0.2,15,,random,4,0.6025641025641025,0.3743126756284651,0.21881318092346191
185,13,0.2,16,,random,4,0.6025641025641025,0.3743126756284651,0.2343614101409912
186,13,0.2,17,,random,4,0.6025641025641025,0.3743126756284651,0.2969043254852295
187,13,0.2,18,,random,4,0.6025641025641025,0.3743126756284651,0.17189383506774902
188,13,0.2,19,,random,4,0.6025641025641025,0.3743126756284651,0.09375977516174316
189,13,0.2,20,,random,4,0.6025641025641025,0.3743126756284651,0.04688000679016113
190,13,0.3,2,,k-means++,0,0.6068376068376069,0.3762132604237868,0.281280517578125
191,13,0.3,3,,k-means++,0,0.6068376068376069,0.3762132604237868,0.4531722068786621
192,13,0.3,4,,k-means++,0,0.6068376068376069,0.3762132604237868,0.4219207763671875
193,13,0.3,5,,k-means++,0,0.6068376068376069,0.3762132604237868,0.546931266784668
194,13,0.3,6,,k-means++,0,0.6068376068376069,0.3762132604237868,0.5469322204589844
195,13,0.3,7,,k-means++,0,0.6068376068376069,0.3762132604237868,0.6719455718994141
196,13,0.3,8,,k-means++,0,0.6068376068376069,0.3762132604237868,0.6875731945037842
197,13,0.3,9,,k-means++,0,0.6068376068376069,0.3762132604237868,0.7813324928283691
198,13,0.3,10,,k-means++,0,0.6068376068376069,0.3762132604237868,1.0313587188720703
199,13,0.3,11,,k-means++,0,0.6068376068376069,0.3762132604237868,0.9219720363616943
200,13,0.3,12,,k-means++,0,0.6068376068376069,0.3762132604237868,0.9844787120819092
201,13,0.3,13,,k-means++,0,0.6068376068376069,0.3762132604237868,0.9375989437103271
202,13,0.3,14,,k-means++,0,0.6068376068376069,0.3762132604237868,1.031358242034912
203,13,0.3,15,,k-means++,0,0.6068376068376069,0.3762132604237868,1.1407456398010254
204,13,0.3,16,,k-means++,0,0.6068376068376069,0.3762132604237868,0.7188284397125244
205,13,0.3,17,,k-means++,0,0.6068376068376069,0.3762132604237868,0.4219174385070801
206,13,0.3,18,,k-means++,0,0.6068376068376069,0.3762132604237868,0.2969052791595459
207,13,0.3,19,,k-means++,0,0.6068376068376069,0.3762132604237868,0.23440313339233398
208,13,0.3,2,,k-means++,1,0.6068376068376069,0.3762132604237868,0.35941028594970703
209,13,0.3,3,,k-means++,1,0.6068376068376069,0.3762132604237868,0.35941243171691895
210,13,0.3,4,,k-means++,1,0.6068376068376069,0.3762132604237868,0.4375476837158203
211,13,0.3,5,,k-means++,1,0.6068376068376069,0.3762132604237868,0.7031974792480469
212,13,0.3,6,,k-means++,1,0.6068376068376069,0.3762132604237868,0.7813327312469482
213,13,0.3,7,,k-means++,1,0.6068376068376069,0.3762132604237868,0.8846123218536377
214,13,0.3,8,,k-means++,1,0.6068376068376069,0.3762132604237868,0.8594660758972168
215,13,0.3,9,,k-means++,1,0.6068376068376069,0.3762132604237868,0.9532253742218018
216,13,0.3,10,,k-means++,1,0.6068376068376069,0.3762132604237868,1.0342128276824951
217,13,0.3,11,,k-means++,1,0.6068376068376069,0.3762132604237868,1.140744924545288
218,13,0.3,12,,k-means++,1,0.6068376068376069,0.3762132604237868,1.3595194816589355
219,13,0.3,13,,k-means++,1,0.6068376068376069,0.3762132604237868,1.1563715934753418
220,13,0.3,14,,k-means++,1,0.6068376068376069,0.3762132604237868,1.2501304149627686
221,13,0.3,15,,k-means++,1,0.6068376068376069,0.3762132604237868,1.2970118522644043
222,13,0.3,16,,k-means++,1,0.6068376068376069,0.3762132604237868,1.0938653945922852
223,13,0.3,17,,k-means++,1,0.6068376068376069,0.3762132604237868,0.5781857967376709
224,13,0.3,18,,k-means++,1,0.6068376068376069,0.3762132604237868,0.37503981590270996
225,13,0.3,19,,k-means++,1,0.6068376068376069,0.3762132604237868,0.2656533718109131
226,13,0.3,2,,k-means++,2,0.6068376068376069,0.3762132604237868,0.4062955379486084
227,13,0.3,3,,k-means++,2,0.6068376068376069,0.3762132604237868,0.4219191074371338
228,13,0.3,4,,k-means++,2,0.6068376068376069,0.3762132604237868,0.5938105583190918
229,13,0.3,5,,k-means++,2,0.6068376068376069,0.3762132604237868,0.5781865119934082
230,13,0.3,6,,k-means++,2,0.6068376068376069,0.3762132604237868,0.7344551086425781
231,13,0.3,7,,k-means++,2,0.6068376068376069,0.3762132604237868,0.8676145076751709
232,13,0.3,8,,k-means++,2,0.6068376068376069,0.3762132604237868,0.9688510894775391
233,13,0.3,9,,k-means++,2,0.6068376068376069,0.3762132604237868,0.968853235244751
234,13,0.3,10,,k-means++,2,0.6068376068376069,0.3762132604237868,1.0626120567321777
235,13,0.3,11,,k-means++,2,0.6068376068376069,0.3762132604237868,1.1094932556152344
236,13,0.3,12,,k-means++,2,0.6068376068376069,0.3762132604237868,1.3241169452667236
237,13,0.3,13,,k-means++,2,0.6068376068376069,0.3762132604237868,1.1341722011566162
238,13,0.3,14,,k-means++,2,0.6068376068376069,0.3762132604237868,1.2345054149627686
239,13,0.3,15,,k-means++,2,0.6068376068376069,0.3762132604237868,1.359518051147461
240,13,0.3,16,,k-means++,2,0.6068376068376069,0.3762132604237868,0.9532253742218018
241,13,0.3,17,,k-means++,2,0.6068376068376069,0.3762132604237868,0.6409087181091309
242,13,0.3,18,,k-means++,2,0.6068376068376069,0.3762132604237868,0.406292200088501
243,13,0.3,19,,k-means++,2,0.6068376068376069,0.3762132604237868,0.2969059944152832
244,13,0.3,2,,k-means++,3,0.6068376068376069,0.3762132604237868,0.37504053115844727
245,13,0.3,3,,k-means++,3,0.6068376068376069,0.3762132604237868,0.4531722068786621
246,13,0.3,4,,k-means++,3,0.6068376068376069,0.3762132604237868,0.5625593662261963
247,13,0.3,5,,k-means++,3,0.6068376068376069,0.3762132604237868,0.6094396114349365
248,13,0.3,6,,k-means++,3,0.6068376068376069,0.3762132604237868,0.7188258171081543
249,13,0.3,7,,k-means++,3,0.6068376068376069,0.3762132604237868,0.7813315391540527
250,13,0.3,8,,k-means++,3,0.6068376068376069,0.3762132604237868,0.906346321105957
251,13,0.3,9,,k-means++,3,0.6068376068376069,0.3762132604237868,0.9844801425933838
252,13,0.3,10,,k-means++,3,0.6068376068376069,0.3762132604237868,1.058938980102539
253,13,0.3,11,,k-means++,3,0.6068376068376069,0.3762132604237868,1.1094920635223389
254,13,0.3,12,,k-means++,3,0.6068376068376069,0.3762132604237868,1.1719985008239746
255,13,0.3,13,,k-means++,3,0.6068376068376069,0.3762132604237868,1.2900493144989014
256,13,0.3,14,,k-means++,3,0.6068376068376069,0.3762132604237868,1.2501325607299805
257,13,0.3,15,,k-means++,3,0.6068376068376069,0.3762132604237868,1.2657570838928223
258,13,0.3,16,,k-means++,3,0.6068376068376069,0.3762132604237868,0.9219727516174316
259,13,0.3,17,,k-means++,3,0.6068376068376069,0.3762132604237868,0.6094393730163574
260,13,0.3,18,,k-means++,3,0.6068376068376069,0.3762132604237868,0.4375464916229248
261,13,0.3,19,,k-means++,3,0.6068376068376069,0.3762132604237868,0.28115296363830566
262,13,0.3,2,,k-means++,4,0.6068376068376069,0.3762132604237868,0.4219212532043457
263,13,0.3,3,,k-means++,4,0.6068376068376069,0.3762132604237868,0.40629100799560547
264,13,0.3,4,,k-means++,4,0.6068376068376069,0.3762132604237868,0.5625593662261963
265,13,0.3,5,,k-means++,4,0.6068376068376069,0.3762132604237868,0.6250677108764648
266,13,0.3,6,,k-means++,4,0.6068376068376069,0.3762132604237868,0.7569236755371094
267,13,0.3,7,,k-means++,4,0.6068376068376069,0.3762132604237868,0.6875724792480469
268,13,0.3,8,,k-means++,4,0.6068376068376069,0.3762132604237868,0.9532260894775391
269,13,0.3,9,,k-means++,4,0.6068376068376069,0.3762132604237868,1.0313587188720703
270,13,0.3,10,,k-means++,4,0.6068376068376069,0.3762132604237868,1.0938646793365479
271,13,0.3,11,,k-means++,4,0.6068376068376069,0.3762132604237868,1.109492540359497
272,13,0.3,12,,k-means++,4,0.6068376068376069,0.3762132604237868,1.1876249313354492
273,13,0.3,13,,k-means++,4,0.6068376068376069,0.3762132604237868,1.3684985637664795
274,13,0.3,14,,k-means++,4,0.6068376068376069,0.3762132604237868,1.2475104331970215
275,13,0.3,15,,k-means++,4,0.6068376068376069,0.3762132604237868,1.3126375675201416
276,13,0.3,16,,k-means++,4,0.6068376068376069,0.3762132604237868,0.93760085105896
277,13,0.3,17,,k-means++,4,0.6068376068376069,0.3762132604237868,0.5469307899475098
278,13,0.3,18,,k-means++,4,0.6068376068376069,0.3762132604237868,0.4219200611114502
279,13,0.3,19,,k-means++,4,0.6068376068376069,0.3762132604237868,0.3400552272796631
280,13,0.3,2,,random,0,0.6068376068376069,0.3762132604237868,0.30169129371643066
281,13,0.3,3,,random,0,0.6068376068376069,0.3762132604237868,0.281280517578125
282,13,0.3,4,,random,0,0.6068376068376069,0.3762132604237868,0.23440027236938477
283,13,0.3,5,,random,0,0.6068376068376069,0.3762132604237868,0.25002551078796387
284,13,0.3,6,,random,0,0.6068376068376069,0.3762132604237868,0.2656524181365967
285,13,0.3,7,,random,0,0.6068376068376069,0.3762132604237868,0.312532901763916
286,13,0.3,8,,random,0,0.6068376068376069,0.3762132604237868,0.2500267028808594
287,13,0.3,9,,random,0,0.6068376068376069,0.3762132604237868,0.2500283718109131
288,13,0.3,10,,random,0,0.6068376068376069,0.3762132604237868,0.33504438400268555
289,13,0.3,11,,random,0,0.6068376068376069,0.3762132604237868,0.4649534225463867
290,13,0.3,12,,random,0,0.6068376068376069,0.3762132604237868,0.3125324249267578
291,13,0.3,13,,random,0,0.6068376068376069,0.3762132604237868,0.2969074249267578
292,13,0.3,14,,random,0,0.6068376068376069,0.3762132604237868,0.27906084060668945
293,13,0.3,15,,random,0,0.6068376068376069,0.3762132604237868,0.27571964263916016
294,13,0.3,16,,random,0,0.6068376068376069,0.3762132604237868,0.17188262939453125
295,13,0.3,17,,random,0,0.6068376068376069,0.3762132604237868,0.09376072883605957
296,13,0.3,18,,random,0,0.6068376068376069,0.3762132604237868,0.09375953674316406
297,13,0.3,19,,random,0,0.6068376068376069,0.3762132604237868,0.06250762939453125
298,13,0.3,2,,random,1,0.6068376068376069,0.3762132604237868,0.2656536102294922
299,13,0.3,3,,random,1,0.6068376068376069,0.3762132604237868,0.2969062328338623
300,13,0.3,4,,random,1,0.6068376068376069,0.3762132604237868,0.2969059944152832
301,13,0.3,5,,random,1,0.6068376068376069,0.3762132604237868,0.2656528949737549
302,13,0.3,6,,random,1,0.6068376068376069,0.3762132604237868,0.2500271797180176
303,13,0.3,7,,random,1,0.6068376068376069,0.3762132604237868,0.2812793254852295
304,13,0.3,8,,random,1,0.6068376068376069,0.3762132604237868,0.3281590938568115
305,13,0.3,9,,random,1,0.6068376068376069,0.3762132604237868,0.2656533718109131
306,13,0.3,10,,random,1,0.6068376068376069,0.3762132604237868,0.25002622604370117
307,13,0.3,11,,random,1,0.6068376068376069,0.3762132604237868,0.23560810089111328
308,13,0.3,12,,random,1,0.6068376068376069,0.3762132604237868,0.3238406181335449
309,13,0.3,13,,random,1,0.6068376068376069,0.3762132604237868,0.2500271797180176
310,13,0.3,14,,random,1,0.6068376068376069,0.3762132604237868,0.25002598762512207
311,13,0.3,15,,random,1,0.6068376068376069,0.3762132604237868,0.21877622604370117
312,13,0.3,16,,random,1,0.6068376068376069,0.3762132604237868,0.1718893051147461
313,13,0.3,17,,random,1,0.6068376068376069,0.3762132604237868,0.10938644409179688
314,13,0.3,18,,random,1,0.6068376068376069,0.3762132604237868,0.09375977516174316
315,13,0.3,19,,random,1,0.6068376068376069,0.3762132604237868,0.07813286781311035
316,13,0.3,2,,random,2,0.6068376068376069,0.3762132604237868,0.25002622604370117
317,13,0.3,3,,random,2,0.6068376068376069,0.3762132604237868,0.23440003395080566
318,13,0.3,4,,random,2,0.6068376068376069,0.3762132604237868,0.3508331775665283
319,13,0.3,5,,random,2,0.6068376068376069,0.3762132604237868,0.42759084701538086
320,13,0.3,6,,random,2,0.6068376068376069,0.3762132604237868,0.23440027236938477
321,13,0.3,7,,random,2,0.6068376068376069,0.3762132604237868,0.2656521797180176
322,13,0.3,8,,random,2,0.6068376068376069,0.3762132604237868,0.2500267028808594
323,13,0.3,9,,random,2,0.6068376068376069,0.3762132604237868,0.3125331401824951
324,13,0.3,10,,random,2,0.6068376068376069,0.3762132604237868,0.2812788486480713
325,13,0.3,11,,random,2,0.6068376068376069,0.3762132604237868,0.2500274181365967
326,13,0.3,12,,random,2,0.6068376068376069,0.3762132604237868,0.25002622604370117
327,13,0.3,13,,random,2,0.6068376068376069,0.3762132604237868,0.2969059944152832
328,13,0.3,14,,random,2,0.6068376068376069,0.3762132604237868,0.2656550407409668
329,13,0.3,15,,random,2,0.6068376068376069,0.3762132604237868,0.23439836502075195
330,13,0.3,16,,random,2,0.6068376068376069,0.3762132604237868,0.1711719036102295
331,13,0.3,17,,random,2,0.6068376068376069,0.3762132604237868,0.09825992584228516
332,13,0.3,18,,random,2,0.6068376068376069,0.3762132604237868,0.08472490310668945
333,13,0.3,19,,random,2,0.6068376068376069,0.3762132604237868,0.06378698348999023
334,13,0.3,2,,random,3,0.6068376068376069,0.3762132604237868,0.2812802791595459
335,13,0.3,3,,random,3,0.6068376068376069,0.3762132604237868,0.23439979553222656
336,13,0.3,4,,random,3,0.6068376068376069,0.3762132604237868,0.2500269412994385
337,13,0.3,5,,random,3,0.6068376068376069,0.3762132604237868,0.2969052791595459
338,13,0.3,6,,random,3,0.6068376068376069,0.3762132604237868,0.34378647804260254
339,13,0.3,7,,random,3,0.6068376068376069,0.3762132604237868,0.2969076633453369
340,13,0.3,8,,random,3,0.6068376068376069,0.3762132604237868,0.26565027236938477
341,13,0.3,9,,random,3,0.6068376068376069,0.3762132604237868,0.281280517578125
342,13,0.3,10,,random,3,0.6068376068376069,0.3762132604237868,0.2969059944152832
343,13,0.3,11,,random,3,0.6068376068376069,0.3762132604237868,0.2656533718109131
344,13,0.3,12,,random,3,0.6068376068376069,0.3762132604237868,0.2656533718109131
345,13,0.3,13,,random,3,0.6068376068376069,0.3762132604237868,0.25002622604370117
346,13,0.3,14,,random,3,0.6068376068376069,0.3762132604237868,0.296905517578125
347,13,0.3,15,,random,3,0.6068376068376069,0.3762132604237868,0.21877479553222656
348,13,0.3,16,,random,3,0.6068376068376069,0.3762132604237868,0.1562645435333252
349,13,0.3,17,,random,3,0.6068376068376069,0.3762132604237868,0.10938715934753418
350,13,0.3,18,,random,3,0.6068376068376069,0.3762132604237868,0.07813405990600586
351,13,0.3,19,,random,3,0.6068376068376069,0.3762132604237868,0.046878814697265625
352,13,0.3,2,,random,4,0.6068376068376069,0.3762132604237868,0.2969067096710205
353,13,0.3,3,,random,4,0.6068376068376069,0.3762132604237868,0.2812793254852295
354,13,0.3,4,,random,4,0.6068376068376069,0.3762132604237868,0.2656543254852295
355,13,0.3,5,,random,4,0.6068376068376069,0.3762132604237868,0.23439908027648926
356,13,0.3,6,,random,4,0.6068376068376069,0.3762132604237868,0.2969057559967041
357,13,0.3,7,,random,4,0.6068376068376069,0.3762132604237868,0.2812802791595459
358,13,0.3,8,,random,4,0.6068376068376069,0.3762132604237868,0.25002551078796387
359,13,0.3,9,,random,4,0.6068376068376069,0.3762132604237868,0.281280517578125
360,13,0.3,10,,random,4,0.6068376068376069,0.3762132604237868,0.3648545742034912
361,13,0.3,11,,random,4,0.6068376068376069,0.3762132604237868,0.350816011428833
362,13,0.3,12,,random,4,0.6068376068376069,0.3762132604237868,0.2656548023223877
363,13,0.3,13,,random,4,0.6068376068376069,0.3762132604237868,0.2555062770843506
364,13,0.3,14,,random,4,0.6068376068376069,0.3762132604237868,0.27053236961364746
365,13,0.3,15,,random,4,0.6068376068376069,0.3762132604237868,0.281280517578125
366,13,0.3,16,,random,4,0.6068376068376069,0.3762132604237868,0.1406388282775879
367,13,0.3,17,,random,4,0.6068376068376069,0.3762132604237868,0.10938668251037598
368,13,0.3,18,,random,4,0.6068376068376069,0.3762132604237868,0.07813477516174316
369,13,0.3,19,,random,4,0.6068376068376069,0.3762132604237868,0.04687857627868652
370,13,0.4,2,,k-means++,0,0.6025641025641025,0.37431267562846515,0.4062931537628174
371,13,0.4,3,,k-means++,0,0.6025641025641025,0.37431267562846515,0.5000524520874023
372,13,0.4,4,,k-means++,0,0.6025641025641025,0.37431267562846515,0.5156793594360352
373,13,0.4,5,,k-means++,0,0.6025641025641025,0.37431267562846515,0.6719458103179932
374,13,0.4,6,,k-means++,0,0.6025641025641025,0.37431267562846515,0.7500793933868408
375,13,0.4,7,,k-means++,0,0.6025641025641025,0.37431267562846515,0.7908611297607422
376,13,0.4,8,,k-means++,0,0.6025641025641025,0.37431267562846515,0.8807604312896729
377,13,0.4,9,,k-means++,0,0.6025641025641025,0.37431267562846515,0.9423446655273438
378,13,0.4,10,,k-means++,0,0.6025641025641025,0.37431267562846515,0.9992096424102783
379,13,0.4,11,,k-means++,0,0.6025641025641025,0.37431267562846515,1.1178324222564697
380,13,0.4,12,,k-means++,0,0.6025641025641025,0.37431267562846515,1.1792957782745361
381,13,0.4,13,,k-means++,0,0.6025641025641025,0.37431267562846515,1.0205695629119873
382,13,0.4,14,,k-means++,0,0.6025641025641025,0.37431267562846515,0.9913785457611084
383,13,0.4,15,,k-means++,0,0.6025641025641025,0.37431267562846515,0.5469355583190918
384,13,0.4,16,,k-means++,0,0.6025641025641025,0.37431267562846515,0.2812771797180176
385,13,0.4,17,,k-means++,0,0.6025641025641025,0.37431267562846515,0.1562666893005371
386,13,0.4,2,,k-means++,1,0.6025641025641025,0.37431267562846515,0.39066600799560547
387,13,0.4,3,,k-means++,1,0.6025641025641025,0.37431267562846515,0.46880221366882324
388,13,0.4,4,,k-means++,1,0.6025641025641025,0.37431267562846515,0.6636357307434082
389,13,0.4,5,,k-means++,1,0.6025641025641025,0.37431267562846515,0.6563198566436768
390,13,0.4,6,,k-means++,1,0.6025641025641025,0.37431267562846515,0.7657046318054199
391,13,0.4,7,,k-means++,1,0.6025641025641025,0.37431267562846515,0.7969589233398438
392,13,0.4,8,,k-means++,1,0.6025641025641025,0.37431267562846515,0.8125853538513184
393,13,0.4,9,,k-means++,1,0.6025641025641025,0.37431267562846515,0.9642994403839111
394,13,0.4,10,,k-means++,1,0.6025641025641025,0.37431267562846515,1.0728178024291992
395,13,0.4,11,,k-means++,1,0.6025641025641025,0.37431267562846515,1.231809377670288
396,13,0.4,12,,k-means++,1,0.6025641025641025,0.37431267562846515,1.11688232421875
397,13,0.4,13,,k-means++,1,0.6025641025641025,0.37431267562846515,1.093865156173706
398,13,0.4,14,,k-means++,1,0.6025641025641025,0.37431267562846515,1.031358242034912
399,13,0.4,15,,k-means++,1,0.6025641025641025,0.37431267562846515,0.5625591278076172
400,13,0.4,16,,k-means++,1,0.6025641025641025,0.37431267562846515,0.437546968460083
401,13,0.4,17,,k-means++,1,0.6025641025641025,0.37431267562846515,0.17189288139343262
402,13,0.4,2,,k-means++,2,0.6025641025641025,0.37431267562846515,0.39066529273986816
403,13,0.4,3,,k-means++,2,0.6025641025641025,0.37431267562846515,0.5156805515289307
404,13,0.4,4,,k-means++,2,0.6025641025641025,0.37431267562846515,0.5000512599945068
405,13,0.4,5,,k-means++,2,0.6025641025641025,0.37431267562846515,0.6563200950622559
406,13,0.4,6,,k-means++,2,0.6025641025641025,0.37431267562846515,0.7031979560852051
407,13,0.4,7,,k-means++,2,0.6025641025641025,0.37431267562846515,0.7813355922698975
408,13,0.4,8,,k-means++,2,0.6025641025641025,0.37431267562846515,0.9063422679901123
409,13,0.4,9,,k-means++,2,0.6025641025641025,0.37431267562846515,1.0410966873168945
410,13,0.4,10,,k-means++,2,0.6025641025641025,0.37431267562846515,1.0157320499420166
411,13,0.4,11,,k-means++,2,0.6025641025641025,0.37431267562846515,1.1407451629638672
412,13,0.4,12,,k-means++,2,0.6025641025641025,0.37431267562846515,1.1094920635223389
413,13,0.4,13,,k-means++,2,0.6025641025641025,0.37431267562846515,1.1719985008239746
414,13,0.4,14,,k-means++,2,0.6025641025641025,0.37431267562846515,1.1094920635223389
415,13,0.4,15,,k-means++,2,0.6025641025641025,0.37431267562846515,0.5781874656677246
416,13,0.4,16,,k-means++,2,0.6025641025641025,0.37431267562846515,0.23439836502075195
417,13,0.4,17,,k-means++,2,0.6025641025641025,0.37431267562846515,0.1406402587890625
418,13,0.4,2,,k-means++,3,0.6025641025641025,0.37431267562846515,0.3906688690185547
419,13,0.4,3,,k-means++,3,0.6025641025641025,0.37431267562846515,0.437544584274292
420,13,0.4,4,,k-means++,3,0.6025641025641025,0.37431267562846515,0.5932724475860596
421,13,0.4,5,,k-means++,3,0.6025641025641025,0.37431267562846515,0.5781886577606201
422,13,0.4,6,,k-means++,3,0.6025641025641025,0.37431267562846515,0.7813301086425781
423,13,0.4,7,,k-means++,3,0.6025641025641025,0.37431267562846515,0.8594655990600586
424,13,0.4,8,,k-means++,3,0.6025641025641025,0.37431267562846515,0.8750932216644287
425,13,0.4,9,,k-means++,3,0.6025641025641025,0.37431267562846515,0.9844772815704346
426,13,0.4,10,,k-means++,3,0.6025641025641025,0.37431267562846515,1.0313594341278076
427,13,0.4,11,,k-means++,3,0.6025641025641025,0.37431267562846515,1.1094913482666016
428,13,0.4,12,,k-means++,3,0.6025641025641025,0.37431267562846515,1.2661542892456055
429,13,0.4,13,,k-means++,3,0.6025641025641025,0.37431267562846515,1.0626113414764404
430,13,0.4,14,,k-means++,3,0.6025641025641025,0.37431267562846515,1.064526081085205
431,13,0.4,15,,k-means++,3,0.6025641025641025,0.37431267562846515,0.5625596046447754
432,13,0.4,16,,k-means++,3,0.6025641025641025,0.37431267562846515,0.2969062328338623
433,13,0.4,17,,k-means++,3,0.6025641025641025,0.37431267562846515,0.1406397819519043
434,13,0.4,2,,k-means++,4,0.6025641025641025,0.37431267562846515,0.3125333786010742
435,13,0.4,3,,k-means++,4,0.6025641025641025,0.37431267562846515,0.5313053131103516
436,13,0.4,4,,k-means++,4,0.6025641025641025,0.37431267562846515,0.6029117107391357
437,13,0.4,5,,k-means++,4,0.6025641025641025,0.37431267562846515,0.6563189029693604
438,13,0.4,6,,k-means++,4,0.6025641025641025,0.37431267562846515,0.6719470024108887
439,13,0.4,7,,k-means++,4,0.6025641025641025,0.37431267562846515,0.8282113075256348
440,13,0.4,8,,k-means++,4,0.6025641025641025,0.37431267562846515,0.875091552734375
441,13,0.4,9,,k-means++,4,0.6025641025641025,0.37431267562846515,0.9532256126403809
442,13,0.4,10,,k-means++,4,0.6025641025641025,0.37431267562846515,1.200361967086792
443,13,0.4,11,,k-means++,4,0.6025641025641025,0.37431267562846515,1.144815444946289
444,13,0.4,12,,k-means++,4,0.6025641025641025,0.37431267562846515,1.0786128044128418
445,13,0.4,13,,k-means++,4,0.6025641025641025,0.37431267562846515,1.065338373184204
446,13,0.4,14,,k-means++,4,0.6025641025641025,0.37431267562846515,1.0157229900360107
447,13,0.4,15,,k-means++,4,0.6025641025641025,0.37431267562846515,0.6847019195556641
448,13,0.4,16,,k-means++,4,0.6025641025641025,0.37431267562846515,0.2871582508087158
449,13,0.4,17,,k-means++,4,0.6025641025641025,0.37431267562846515,0.13385605812072754
450,13,0.4,2,,random,0,0.6025641025641025,0.37431267562846515,0.3134026527404785
451,13,0.4,3,,random,0,0.6025641025641025,0.37431267562846515,0.267711877822876
452,13,0.4,4,,random,0,0.6025641025641025,0.37431267562846515,0.24866032600402832
453,13,0.4,5,,random,0,0.6025641025641025,0.37431267562846515,0.28121495246887207
454,13,0.4,6,,random,0,0.6025641025641025,0.37431267562846515,0.2969074249267578
455,13,0.4,7,,random,0,0.6025641025641025,0.37431267562846515,0.2656519412994385
456,13,0.4,8,,random,0,0.6025641025641025,0.37431267562846515,0.2570838928222656
457,13,0.4,9,,random,0,0.6025641025641025,0.37431267562846515,0.28663134574890137
458,13,0.4,10,,random,0,0.6025641025641025,0.37431267562846515,0.32816004753112793
459,13,0.4,11,,random,0,0.6025641025641025,0.37431267562846515,0.25002551078796387
460,13,0.4,12,,random,0,0.6025641025641025,0.37431267562846515,0.21877598762512207
461,13,0.4,13,,random,0,0.6025641025641025,0.37431267562846515,0.2594180107116699
462,13,0.4,14,,random,0,0.6025641025641025,0.37431267562846515,0.21804571151733398
463,13,0.4,15,,random,0,0.6025641025641025,0.37431267562846515,0.1562659740447998
464,13,0.4,16,,random,0,0.6025641025641025,0.37431267562846515,0.06250786781311035
465,13,0.4,17,,random,0,0.6025641025641025,0.37431267562846515,0.04687952995300293
466,13,0.4,2,,random,1,0.6025641025641025,0.37431267562846515,0.24045658111572266
467,13,0.4,3,,random,1,0.6025641025641025,0.37431267562846515,0.29578495025634766
468,13,0.4,4,,random,1,0.6025641025641025,0.37431267562846515,0.4391670227050781
469,13,0.4,5,,random,1,0.6025641025641025,0.37431267562846515,0.2642021179199219
470,13,0.4,6,,random,1,0.6025641025641025,0.37431267562846515,0.27573418617248535
471,13,0.4,7,,random,1,0.6025641025641025,0.37431267562846515,0.25517725944519043
472,13,0.4,8,,random,1,0.6025641025641025,0.37431267562846515,0.3161804676055908
473,13,0.4,9,,random,1,0.6025641025641025,0.37431267562846515,0.2656526565551758
474,13,0.4,10,,random,1,0.6025641025641025,0.37431267562846515,0.2500267028808594
475,13,0.4,11,,random,1,0.6025641025641025,0.37431267562846515,0.2756357192993164
476,13,0.4,12,,random,1,0.6025641025641025,0.37431267562846515,0.2969083786010742
477,13,0.4,13,,random,1,0.6025641025641025,0.37431267562846515,0.21877336502075195
478,13,0.4,14,,random,1,0.6025641025641025,0.37431267562846515,0.18751955032348633
479,13,0.4,15,,random,1,0.6025641025641025,0.37431267562846515,0.12501311302185059
480,13,0.4,16,,random,1,0.6025641025641025,0.37431267562846515,0.04687976837158203
481,13,0.4,17,,random,1,0.6025641025641025,0.37431267562846515,0.06250667572021484
482,13,0.4,2,,random,2,0.6025641025641025,0.37431267562846515,0.2965085506439209
483,13,0.4,3,,random,2,0.6025641025641025,0.37431267562846515,0.2500286102294922
484,13,0.4,4,,random,2,0.6025641025641025,0.37431267562846515,0.2656517028808594
485,13,0.4,5,,random,2,0.6025641025641025,0.37431267562846515,0.2756531238555908
486,13,0.4,6,,random,2,0.6025641025641025,0.37431267562846515,0.2759404182434082
487,13,0.4,7,,random,2,0.6025641025641025,0.37431267562846515,0.34378623962402344
488,13,0.4,8,,random,2,0.6025641025641025,0.37431267562846515,0.2812793254852295
489,13,0.4,9,,random,2,0.6025641025641025,0.37431267562846515,0.2931094169616699
490,13,0.4,10,,random,2,0.6025641025641025,0.37431267562846515,0.2942824363708496
491,13,0.4,11,,random,2,0.6025641025641025,0.37431267562846515,0.29835057258605957
492,13,0.4,12,,random,2,0.6025641025641025,0.37431267562846515,0.25002622604370117
493,13,0.4,13,,random,2,0.6025641025641025,0.37431267562846515,0.23285794258117676
494,13,0.4,14,,random,2,0.6025641025641025,0.37431267562846515,0.21958637237548828
495,13,0.4,15,,random,2,0.6025641025641025,0.37431267562846515,0.12471723556518555
496,13,0.4,16,,random,2,0.6025641025641025,0.37431267562846515,0.09375953674316406
497,13,0.4,17,,random,2,0.6025641025641025,0.37431267562846515,0.06250715255737305
498,13,0.4,2,,random,3,0.6025641025641025,0.37431267562846515,0.2656536102294922
499,13,0.4,3,,random,3,0.6025641025641025,0.37431267562846515,0.23440074920654297
500,13,0.4,4,,random,3,0.6025641025641025,0.37431267562846515,0.25365471839904785
501,13,0.4,5,,random,3,0.6025641025641025,0.37431267562846515,0.29399895668029785
502,13,0.4,6,,random,3,0.6025641025641025,0.37431267562846515,0.2812793254852295
503,13,0.4,7,,random,3,0.6025641025641025,0.37431267562846515,0.2500288486480713
504,13,0.4,8,,random,3,0.6025641025641025,0.37431267562846515,0.24347686767578125
505,13,0.4,9,,random,3,0.6025641025641025,0.37431267562846515,0.27794909477233887
506,13,0.4,10,,random,3,0.6025641025641025,0.37431267562846515,0.32816100120544434
507,13,0.4,11,,random,3,0.6025641025641025,0.37431267562846515,0.2500267028808594
508,13,0.4,12,,random,3,0.6025641025641025,0.37431267562846515,0.2812778949737549
509,13,0.4,13,,random,3,0.6025641025641025,0.37431267562846515,0.2812800407409668
510,13,0.4,14,,random,3,0.6025641025641025,0.37431267562846515,0.2969067096710205
511,13,0.4,15,,random,3,0.6025641025641025,0.37431267562846515,0.10938644409179688
512,13,0.4,16,,random,3,0.6025641025641025,0.37431267562846515,0.06250619888305664
513,13,0.4,17,,random,3,0.6025641025641025,0.37431267562846515,0.06250691413879395
514,13,0.4,2,,random,4,0.6025641025641025,0.37431267562846515,0.2656521797180176
515,13,0.4,3,,random,4,0.6025641025641025,0.37431267562846515,0.265653133392334
516,13,0.4,4,,random,4,0.6025641025641025,0.37431267562846515,0.3125326633453369
517,13,0.4,5,,random,4,0.6025641025641025,0.37431267562846515,0.2656536102294922
518,13,0.4,6,,random,4,0.6025641025641025,0.37431267562846515,0.2656536102294922
519,13,0.4,7,,random,4,0.6025641025641025,0.37431267562846515,0.2656517028808594
520,13,0.4,8,,random,4,0.6025641025641025,0.37431267562846515,0.3125338554382324
521,13,0.4,9,,random,4,0.6025641025641025,0.37431267562846515,0.2812788486480713
522,13,0.4,10,,random,4,0.6025641025641025,0.37431267562846515,0.2656538486480713
523,13,0.4,11,,random,4,0.6025641025641025,0.37431267562846515,0.286362886428833
524,13,0.4,12,,random,4,0.6025641025641025,0.37431267562846515,0.2969074249267578
525,13,0.4,13,,random,4,0.6025641025641025,0.37431267562846515,0.2500264644622803
526,13,0.4,14,,random,4,0.6025641025641025,0.37431267562846515,0.18751978874206543
527,13,0.4,15,,random,4,0.6025641025641025,0.37431267562846515,0.10938787460327148
528,13,0.4,16,,random,4,0.6025641025641025,0.37431267562846515,0.06250643730163574
529,13,0.4,17,,random,4,0.6025641025641025,0.37431267562846515,0.06250762939453125
530,13,0.5,2,,k-means++,0,0.5846153846153846,0.3675742386268702,0.5781855583190918
531,13,0.5,3,,k-means++,0,0.5846153846153846,0.3675742386268702,0.49875402450561523
532,13,0.5,4,,k-means++,0,0.5846153846153846,0.3675742386268702,0.6063568592071533
533,13,0.5,5,,k-means++,0,0.5846153846153846,0.3675742386268702,0.6094405651092529
534,13,0.5,6,,k-means++,0,0.5846153846153846,0.3675742386268702,0.7344515323638916
535,13,0.5,7,,k-means++,0,0.5846153846153846,0.3675742386268702,0.7813324928283691
536,13,0.5,8,,k-means++,0,0.5846153846153846,0.3675742386268702,0.7500808238983154
537,13,0.5,9,,k-means++,0,0.5846153846153846,0.3675742386268702,0.9532244205474854
538,13,0.5,10,,k-means++,0,0.5846153846153846,0.3675742386268702,0.9375979900360107
539,13,0.5,11,,k-means++,0,0.5846153846153846,0.3675742386268702,0.7500791549682617
540,13,0.5,12,,k-means++,0,0.5846153846153846,0.3675742386268702,0.5174775123596191
541,13,0.5,13,,k-means++,0,0.5846153846153846,0.3675742386268702,0.27070188522338867
542,13,0.5,14,,k-means++,0,0.5846153846153846,0.3675742386268702,0.1562652587890625
543,13,0.5,15,,k-means++,0,0.5846153846153846,0.3675742386268702,0.17189288139343262
544,13,0.5,2,,k-means++,1,0.5846153846153846,0.3675742386268702,0.4062931537628174
545,13,0.5,3,,k-means++,1,0.5846153846153846,0.3675742386268702,0.45317506790161133
546,13,0.5,4,,k-means++,1,0.5846153846153846,0.3675742386268702,0.578183650970459
547,13,0.5,5,,k-means++,1,0.5846153846153846,0.3675742386268702,0.5938129425048828
548,13,0.5,6,,k-means++,1,0.5846153846153846,0.3675742386268702,0.9063456058502197
549,13,0.5,7,,k-means++,1,0.5846153846153846,0.3675742386268702,0.773716926574707
550,13,0.5,8,,k-means++,1,0.5846153846153846,0.3675742386268702,0.7813315391540527
551,13,0.5,9,,k-means++,1,0.5846153846153846,0.3675742386268702,0.8907191753387451
552,13,0.5,10,,k-means++,1,0.5846153846153846,0.3675742386268702,0.8282120227813721
553,13,0.5,11,,k-means++,1,0.5846153846153846,0.3675742386268702,0.7344522476196289
554,13,0.5,12,,k-means++,1,0.5846153846153846,0.3675742386268702,0.5313067436218262
555,13,0.5,13,,k-means++,1,0.5846153846153846,0.3675742386268702,0.34378623962402344
556,13,0.5,14,,k-means++,1,0.5846153846153846,0.3675742386268702,0.20314598083496094
557,13,0.5,15,,k-means++,1,0.5846153846153846,0.3675742386268702,0.17189335823059082
558,13,0.5,2,,k-means++,2,0.5846153846153846,0.3675742386268702,0.39066648483276367
559,13,0.5,3,,k-means++,2,0.5846153846153846,0.3675742386268702,0.4375457763671875
560,13,0.5,4,,k-means++,2,0.5846153846153846,0.3675742386268702,0.546933650970459
561,13,0.5,5,,k-means++,2,0.5846153846153846,0.3675742386268702,0.6094381809234619
562,13,0.5,6,,k-means++,2,0.5846153846153846,0.3675742386268702,0.7031998634338379
563,13,0.5,7,,k-means++,2,0.5846153846153846,0.3675742386268702,0.8438379764556885
564,13,0.5,8,,k-means++,2,0.5846153846153846,0.3675742386268702,0.8465621471405029
565,13,0.5,9,,k-means++,2,0.5846153846153846,0.3675742386268702,1.2234175205230713
566,13,0.5,10,,k-means++,2,0.5846153846153846,0.3675742386268702,0.8664863109588623
567,13,0.5,11,,k-means++,2,0.5846153846153846,0.3675742386268702,0.7657058238983154
568,13,0.5,12,,k-means++,2,0.5846153846153846,0.3675742386268702,0.453171968460083
569,13,0.5,13,,k-means++,2,0.5846153846153846,0.3675742386268702,0.281280517578125
570,13,0.5,14,,k-means++,2,0.5846153846153846,0.3675742386268702,0.1718921661376953
571,13,0.5,15,,k-means++,2,0.5846153846153846,0.3675742386268702,0.17189288139343262
572,13,0.5,2,,k-means++,3,0.5846153846153846,0.3675742386268702,0.37504005432128906
573,13,0.5,3,,k-means++,3,0.5846153846153846,0.3675742386268702,0.4375457763671875
574,13,0.5,4,,k-means++,3,0.5846153846153846,0.3675742386268702,0.718825101852417
575,13,0.5,5,,k-means++,3,0.5846153846153846,0.3675742386268702,0.6937384605407715
576,13,0.5,6,,k-means++,3,0.5846153846153846,0.3675742386268702,0.7344546318054199
577,13,0.5,7,,k-means++,3,0.5846153846153846,0.3675742386268702,0.7969582080841064
578,13,0.5,8,,k-means++,3,0.5846153846153846,0.3675742386268702,0.7969570159912109
579,13,0.5,9,,k-means++,3,0.5846153846153846,0.3675742386268702,0.8624227046966553
580,13,0.5,10,,k-means++,3,0.5846153846153846,0.3675742386268702,0.8730995655059814
581,13,0.5,11,,k-means++,3,0.5846153846153846,0.3675742386268702,0.8956639766693115
582,13,0.5,12,,k-means++,3,0.5846153846153846,0.3675742386268702,0.46880030632019043
583,13,0.5,13,,k-means++,3,0.5846153846153846,0.3675742386268702,0.3592076301574707
584,13,0.5,14,,k-means++,3,0.5846153846153846,0.3675742386268702,0.1342310905456543
585,13,0.5,15,,k-means++,3,0.5846153846153846,0.3675742386268702,0.1406397819519043
586,13,0.5,2,,k-means++,4,0.5846153846153846,0.3675742386268702,0.40767669677734375
587,13,0.5,3,,k-means++,4,0.5846153846153846,0.3675742386268702,0.5217056274414062
588,13,0.5,4,,k-means++,4,0.5846153846153846,0.3675742386268702,0.4858849048614502
589,13,0.5,5,,k-means++,4,0.5846153846153846,0.3675742386268702,0.6580872535705566
590,13,0.5,6,,k-means++,4,0.5846153846153846,0.3675742386268702,0.6325650215148926
591,13,0.5,7,,k-means++,4,0.5846153846153846,0.3675742386268702,0.8750922679901123
592,13,0.5,8,,k-means++,4,0.5846153846153846,0.3675742386268702,0.7803730964660645
593,13,0.5,9,,k-means++,4,0.5846153846153846,0.3675742386268702,0.8371150493621826
594,13,0.5,10,,k-means++,4,0.5846153846153846,0.3675742386268702,0.7813348770141602
595,13,0.5,11,,k-means++,4,0.5846153846153846,0.3675742386268702,0.7472660541534424
596,13,0.5,12,,k-means++,4,0.5846153846153846,0.3675742386268702,0.444516658782959
597,13,0.5,13,,k-means++,4,0.5846153846153846,0.3675742386268702,0.3312704563140869
598,13,0.5,14,,k-means++,4,0.5846153846153846,0.3675742386268702,0.18752098083496094
599,13,0.5,15,,k-means++,4,0.5846153846153846,0.3675742386268702,0.14063811302185059
600,13,0.5,2,,random,0,0.5846153846153846,0.3675742386268702,0.21877646446228027
601,13,0.5,3,,random,0,0.5846153846153846,0.3675742386268702,0.31004929542541504
602,13,0.5,4,,random,0,0.5846153846153846,0.3675742386268702,0.38602638244628906
603,13,0.5,5,,random,0,0.5846153846153846,0.3675742386268702,0.291400671005249
604,13,0.5,6,,random,0,0.5846153846153846,0.3675742386268702,0.2656536102294922
605,13,0.5,7,,random,0,0.5846153846153846,0.3675742386268702,0.25064778327941895
606,13,0.5,8,,random,0,0.5846153846153846,0.3675742386268702,0.27227163314819336
607,13,0.5,9,,random,0,0.5846153846153846,0.3675742386268702,0.2656543254852295
608,13,0.5,10,,random,0,0.5846153846153846,0.3675742386268702,0.21877193450927734
609,13,0.5,11,,random,0,0.5846153846153846,0.3675742386268702,0.156266450881958
610,13,0.5,12,,random,0,0.5846153846153846,0.3675742386268702,0.1250152587890625
611,13,0.5,13,,random,0,0.5846153846153846,0.3675742386268702,0.09245681762695312
612,13,0.5,14,,random,0,0.5846153846153846,0.3675742386268702,0.0586550235748291
613,13,0.5,15,,random,0,0.5846153846153846,0.3675742386268702,0.07219171524047852
614,13,0.5,2,,random,1,0.5846153846153846,0.3675742386268702,0.30930542945861816
615,13,0.5,3,,random,1,0.5846153846153846,0.3675742386268702,0.2501645088195801
616,13,0.5,4,,random,1,0.5846153846153846,0.3675742386268702,0.2214815616607666
617,13,0.5,5,,random,1,0.5846153846153846,0.3675742386268702,0.265653133392334
618,13,0.5,6,,random,1,0.5846153846153846,0.3675742386268702,0.34378552436828613
619,13,0.5,7,,random,1,0.5846153846153846,0.3675742386268702,0.2812793254852295
620,13,0.5,8,,random,1,0.5846153846153846,0.3675742386268702,0.23440098762512207
621,13,0.5,9,,random,1,0.5846153846153846,0.3675742386268702,0.2500274181365967
622,13,0.5,10,,random,1,0.5846153846153846,0.3675742386268702,0.2969048023223877
623,13,0.5,11,,random,1,0.5846153846153846,0.3675742386268702,0.2969067096710205
624,13,0.5,12,,random,1,0.5846153846153846,0.3675742386268702,0.12501215934753418
625,13,0.5,13,,random,1,0.5846153846153846,0.3675742386268702,0.1250135898590088
626,13,0.5,14,,random,1,0.5846153846153846,0.3675742386268702,0.07813382148742676
627,13,0.5,15,,random,1,0.5846153846153846,0.3675742386268702,0.05192852020263672
628,13,0.5,2,,random,2,0.5846153846153846,0.3675742386268702,0.258303165435791
629,13,0.5,3,,random,2,0.5846153846153846,0.3675742386268702,0.32815980911254883
630,13,0.5,4,,random,2,0.5846153846153846,0.3675742386268702,0.2656536102294922
631,13,0.5,5,,random,2,0.5846153846153846,0.3675742386268702,0.2748599052429199
632,13,0.5,6,,random,2,0.5846153846153846,0.3675742386268702,0.2656548023223877
633,13,0.5,7,,random,2,0.5846153846153846,0.3675742386268702,0.34378623962402344
634,13,0.5,8,,random,2,0.5846153846153846,0.3675742386268702,0.25002622604370117
635,13,0.5,9,,random,2,0.5846153846153846,0.3675742386268702,0.250028133392334
636,13,0.5,10,,random,2,0.5846153846153846,0.3675742386268702,0.20314407348632812
637,13,0.5,11,,random,2,0.5846153846153846,0.3675742386268702,0.21877264976501465
638,13,0.5,12,,random,2,0.5846153846153846,0.3675742386268702,0.1406407356262207
639,13,0.5,13,,random,2,0.5846153846153846,0.3675742386268702,0.10938596725463867
640,13,0.5,14,,random,2,0.5846153846153846,0.3675742386268702,0.04688072204589844
641,13,0.5,15,,random,2,0.5846153846153846,0.3675742386268702,0.06250572204589844
642,13,0.5,2,,random,3,0.5846153846153846,0.3675742386268702,0.2656550407409668
643,13,0.5,3,,random,3,0.5846153846153846,0.3675742386268702,0.26565098762512207
644,13,0.5,4,,random,3,0.5846153846153846,0.3675742386268702,0.312532901763916
645,13,0.5,5,,random,3,0.5846153846153846,0.3675742386268702,0.2812795639038086
646,13,0.5,6,,random,3,0.5846153846153846,0.3675742386268702,0.296907901763916
647,13,0.5,7,,random,3,0.5846153846153846,0.3675742386268702,0.3125312328338623
648,13,0.5,8,,random,3,0.5846153846153846,0.3675742386268702,0.35941362380981445
649,13,0.5,9,,random,3,0.5846153846153846,0.3675742386268702,0.25002622604370117
650,13,0.5,10,,random,3,0.5846153846153846,0.3675742386268702,0.21877288818359375
651,13,0.5,11,,random,3,0.5846153846153846,0.3675742386268702,0.17189359664916992
652,13,0.5,12,,random,3,0.5846153846153846,0.3675742386268702,0.12501239776611328
653,13,0.5,13,,random,3,0.5846153846153846,0.3675742386268702,0.09375977516174316
654,13,0.5,14,,random,3,0.5846153846153846,0.3675742386268702,0.07813334465026855
655,13,0.5,15,,random,3,0.5846153846153846,0.3675742386268702,0.07813310623168945
656,13,0.5,2,,random,4,0.5846153846153846,0.3675742386268702,0.296905517578125
657,13,0.5,3,,random,4,0.5846153846153846,0.3675742386268702,0.2656540870666504
658,13,0.5,4,,random,4,0.5846153846153846,0.3675742386268702,0.25002574920654297
659,13,0.5,5,,random,4,0.5846153846153846,0.3675742386268702,0.3125331401824951
660,13,0.5,6,,random,4,0.5846153846153846,0.3675742386268702,0.312532901763916
661,13,0.5,7,,random,4,0.5846153846153846,0.3675742386268702,0.2656543254852295
662,13,0.5,8,,random,4,0.5846153846153846,0.3675742386268702,0.23439860343933105
663,13,0.5,9,,random,4,0.5846153846153846,0.3675742386268702,0.296905517578125
664,13,0.5,10,,random,4,0.5846153846153846,0.3675742386268702,0.2656536102294922
665,13,0.5,11,,random,4,0.5846153846153846,0.3675742386268702,0.156266450881958
666,13,0.5,12,,random,4,0.5846153846153846,0.3675742386268702,0.12501263618469238
667,13,0.5,13,,random,4,0.5846153846153846,0.3675742386268702,0.07813358306884766
668,13,0.5,14,,random,4,0.5846153846153846,0.3675742386268702,0.06250810623168945
669,13,0.5,15,,random,4,0.5846153846153846,0.3675742386268702,0.07813143730163574
